"ind","country","date","cases","new_cases","deaths","new_deaths","situation_report","last_update","WHO_ID"
1,"Mainland China","21/01/2020",278,278,6,6,1,NA,"China"
2,"Thailand","21/01/2020",2,2,0,0,1,NA,"Thailand"
3,"Japan","21/01/2020",1,1,0,0,1,NA,"Japan"
4,"Republic of Korea","21/01/2020",1,1,0,0,1,NA,"RepublicofKorea"
5,"Mainland China","22/01/2020",309,31,6,0,2,NA,"China"
6,"Thailand","22/01/2020",2,0,0,0,2,NA,"Thailand"
7,"Japan","22/01/2020",1,0,0,0,2,NA,"Japan"
8,"Republic of Korea","22/01/2020",1,0,0,0,2,NA,"RepublicofKorea"
9,"Taiwan","22/01/2020",1,1,0,0,2,NA,"China-Taipei"
10,"Mainland China","23/01/2020",571,262,17,11,3,NA,"China"
11,"Thailand","23/01/2020",4,2,0,0,3,NA,"Thailand"
12,"Hong Kong","23/01/2020",1,1,0,0,3,NA,"China-HongKongSAR"
13,"Japan","23/01/2020",1,0,0,0,3,NA,"Japan"
14,"Macao","23/01/2020",1,1,0,0,3,NA,"China-Macao"
15,"Republic of Korea","23/01/2020",1,0,0,0,3,NA,"RepublicofKorea"
16,"Taiwan","23/01/2020",1,0,0,0,3,NA,"China-Taipei"
17,"USA","23/01/2020",1,1,0,0,3,NA,"UnitedStatesofAmerica"
18,"Mainland China","24/01/2020",830,259,25,8,4,NA,"China"
19,"Thailand","24/01/2020",4,0,0,0,4,NA,"Thailand"
20,"Hong Kong","24/01/2020",2,1,0,0,4,NA,"China-HongKongSAR"
21,"Macao","24/01/2020",2,1,0,0,4,NA,"China-Macao"
22,"Republic of Korea","24/01/2020",2,1,0,0,4,NA,"RepublicofKorea"
23,"Vietnam","24/01/2020",2,2,0,0,4,NA,"VietNam"
24,"Japan","24/01/2020",1,0,0,0,4,NA,"Japan"
25,"Singapore","24/01/2020",1,1,0,0,4,NA,"Singapore"
26,"Taiwan","24/01/2020",1,0,0,0,4,NA,"China-Taipei"
27,"USA","24/01/2020",1,0,0,0,4,NA,"UnitedStatesofAmerica"
28,"Mainland China","25/01/2020",1287,457,41,16,5,NA,"China"
29,"Hong Kong","25/01/2020",5,3,0,0,5,NA,"China-HongKongSAR"
30,"Thailand","25/01/2020",4,0,0,0,5,NA,"Thailand"
31,"Australia","25/01/2020",3,3,0,0,5,NA,"Australia"
32,"France","25/01/2020",3,3,0,0,5,NA,"France"
33,"Japan","25/01/2020",3,2,0,0,5,NA,"Japan"
34,"Singapore","25/01/2020",3,2,0,0,5,NA,"Singapore"
35,"Taiwan","25/01/2020",3,2,0,0,5,NA,"China-Taipei"
36,"Macao","25/01/2020",2,0,0,0,5,NA,"China-Macao"
37,"Republic of Korea","25/01/2020",2,0,0,0,5,NA,"RepublicofKorea"
38,"USA","25/01/2020",2,1,0,0,5,NA,"UnitedStatesofAmerica"
39,"Vietnam","25/01/2020",2,0,0,0,5,NA,"VietNam"
40,"Nepal","25/01/2020",1,1,0,0,5,NA,"Nepal"
41,"Mainland China","26/01/2020",1985,698,56,15,6,NA,"China"
42,"Hong Kong","26/01/2020",5,0,0,0,6,NA,"China-HongKongSAR"
43,"Thailand","26/01/2020",5,1,0,0,6,NA,"Thailand"
44,"Australia","26/01/2020",4,1,0,0,6,NA,"Australia"
45,"Singapore","26/01/2020",4,1,0,0,6,NA,"Singapore"
46,"France","26/01/2020",3,0,0,0,6,NA,"France"
47,"Japan","26/01/2020",3,0,0,0,6,NA,"Japan"
48,"Malaysia","26/01/2020",3,3,0,0,6,NA,"Malaysia"
49,"Taiwan","26/01/2020",3,0,0,0,6,NA,"China-Taipei"
50,"Macao","26/01/2020",2,0,0,0,6,NA,"China-Macao"
51,"Republic of Korea","26/01/2020",2,0,0,0,6,NA,"RepublicofKorea"
52,"USA","26/01/2020",2,0,0,0,6,NA,"UnitedStatesofAmerica"
53,"Vietnam","26/01/2020",2,0,0,0,6,NA,"VietNam"
54,"Nepal","26/01/2020",1,0,0,0,6,NA,"Nepal"
55,"Mainland China","27/01/2020",2744,759,80,24,7,NA,"China"
56,"Hong Kong","27/01/2020",8,3,0,0,7,NA,"China-HongKongSAR"
57,"Macao","27/01/2020",5,3,0,0,7,NA,"China-Macao"
58,"Thailand","27/01/2020",5,0,0,0,7,NA,"Thailand"
59,"USA","27/01/2020",5,3,0,0,7,NA,"UnitedStatesofAmerica"
60,"Australia","27/01/2020",4,0,0,0,7,NA,"Australia"
61,"Japan","27/01/2020",4,1,0,0,7,NA,"Japan"
62,"Malaysia","27/01/2020",4,1,0,0,7,NA,"Malaysia"
63,"Republic of Korea","27/01/2020",4,2,0,0,7,NA,"RepublicofKorea"
64,"Singapore","27/01/2020",4,0,0,0,7,NA,"Singapore"
65,"Taiwan","27/01/2020",4,1,0,0,7,NA,"China-Taipei"
66,"France","27/01/2020",3,0,0,0,7,NA,"France"
67,"Vietnam","27/01/2020",2,0,0,0,7,NA,"VietNam"
68,"Canada","27/01/2020",1,1,0,0,7,NA,"Canada"
69,"Nepal","27/01/2020",1,0,0,0,7,NA,"Nepal"
70,"Mainland China","28/01/2020",4515,1771,106,26,8,NA,"China"
71,"Thailand","28/01/2020",14,9,0,0,8,NA,"Thailand"
72,"Hong Kong","28/01/2020",8,0,0,0,8,NA,"China-HongKongSAR"
73,"Macao","28/01/2020",7,2,0,0,8,NA,"China-Macao"
74,"Singapore","28/01/2020",7,3,0,0,8,NA,"Singapore"
75,"Taiwan","28/01/2020",7,3,0,0,8,NA,"China-Taipei"
76,"Japan","28/01/2020",6,2,0,0,8,NA,"Japan"
77,"Australia","28/01/2020",5,1,0,0,8,NA,"Australia"
78,"USA","28/01/2020",5,0,0,0,8,NA,"UnitedStatesofAmerica"
79,"Malaysia","28/01/2020",4,0,0,0,8,NA,"Malaysia"
80,"Republic of Korea","28/01/2020",4,0,0,0,8,NA,"RepublicofKorea"
81,"France","28/01/2020",3,0,0,0,8,NA,"France"
82,"Canada","28/01/2020",2,1,0,0,8,NA,"Canada"
83,"Vietnam","28/01/2020",2,0,0,0,8,NA,"VietNam"
84,"Cambodia","28/01/2020",1,1,0,0,8,NA,"Cambodia"
85,"Germany","28/01/2020",1,1,0,0,8,NA,"Germany"
86,"Nepal","28/01/2020",1,0,0,0,8,NA,"Nepal"
87,"Sri Lanka","28/01/2020",1,1,0,0,8,NA,"SriLanka"
88,"Mainland China","29/01/2020",5974,1459,132,26,9,NA,"China"
89,"Thailand","29/01/2020",14,0,0,0,9,NA,"Thailand"
90,"Hong Kong","29/01/2020",8,0,0,0,9,NA,"China-HongKongSAR"
91,"Taiwan","29/01/2020",8,1,0,0,9,NA,"China-Taipei"
92,"Australia","29/01/2020",7,2,0,0,9,NA,"Australia"
93,"Japan","29/01/2020",7,1,0,0,9,NA,"Japan"
94,"Macao","29/01/2020",7,0,0,0,9,NA,"China-Macao"
95,"Singapore","29/01/2020",7,0,0,0,9,NA,"Singapore"
96,"USA","29/01/2020",5,0,0,0,9,NA,"UnitedStatesofAmerica"
97,"France","29/01/2020",4,1,0,0,9,NA,"France"
98,"Germany","29/01/2020",4,3,0,0,9,NA,"Germany"
99,"Malaysia","29/01/2020",4,0,0,0,9,NA,"Malaysia"
100,"Republic of Korea","29/01/2020",4,0,0,0,9,NA,"RepublicofKorea"
101,"United Arab Emirates","29/01/2020",4,4,0,0,9,NA,"UnitedArabEmirates"
102,"Canada","29/01/2020",3,1,0,0,9,NA,"Canada"
103,"Vietnam","29/01/2020",2,0,0,0,9,NA,"VietNam"
104,"Cambodia","29/01/2020",1,0,0,0,9,NA,"Cambodia"
105,"Nepal","29/01/2020",1,0,0,0,9,NA,"Nepal"
106,"Sri Lanka","29/01/2020",1,0,0,0,9,NA,"SriLanka"
107,"Mainland China","30/01/2020",7711,1737,170,38,10,NA,"China"
108,"Thailand","30/01/2020",14,0,0,0,10,NA,"Thailand"
109,"Japan","30/01/2020",11,4,0,0,10,NA,"Japan"
110,"Hong Kong","30/01/2020",10,2,0,0,10,NA,"China-HongKongSAR"
111,"Singapore","30/01/2020",10,3,0,0,10,NA,"Singapore"
112,"Taiwan","30/01/2020",8,0,0,0,10,NA,"China-Taipei"
113,"Australia","30/01/2020",7,0,0,0,10,NA,"Australia"
114,"Macao","30/01/2020",7,0,0,0,10,NA,"China-Macao"
115,"Malaysia","30/01/2020",7,3,0,0,10,NA,"Malaysia"
116,"France","30/01/2020",5,1,0,0,10,NA,"France"
117,"USA","30/01/2020",5,0,0,0,10,NA,"UnitedStatesofAmerica"
118,"Germany","30/01/2020",4,0,0,0,10,NA,"Germany"
119,"Republic of Korea","30/01/2020",4,0,0,0,10,NA,"RepublicofKorea"
120,"United Arab Emirates","30/01/2020",4,0,0,0,10,NA,"UnitedArabEmirates"
121,"Canada","30/01/2020",3,0,0,0,10,NA,"Canada"
122,"Vietnam","30/01/2020",2,0,0,0,10,NA,"VietNam"
123,"Cambodia","30/01/2020",1,0,0,0,10,NA,"Cambodia"
124,"Finland","30/01/2020",1,1,0,0,10,NA,"Finland"
125,"India","30/01/2020",1,1,0,0,10,NA,"India"
126,"Nepal","30/01/2020",1,0,0,0,10,NA,"Nepal"
127,"Philippines","30/01/2020",1,1,0,0,10,NA,"Philippines"
128,"Sri Lanka","30/01/2020",1,0,0,0,10,NA,"SriLanka"
129,"Mainland China","31/01/2020",9692,1981,213,43,11,NA,"China"
130,"Japan","31/01/2020",14,3,0,0,11,NA,"Japan"
131,"Thailand","31/01/2020",14,0,0,0,11,NA,"Thailand"
132,"Singapore","31/01/2020",13,3,0,0,11,NA,"Singapore"
133,"Hong Kong","31/01/2020",12,2,0,0,11,NA,"China-HongKongSAR"
134,"Republic of Korea","31/01/2020",11,7,0,0,11,NA,"RepublicofKorea"
135,"Australia","31/01/2020",9,2,0,0,11,NA,"Australia"
136,"Taiwan","31/01/2020",9,1,0,0,11,NA,"China-Taipei"
137,"Malaysia","31/01/2020",8,1,0,0,11,NA,"Malaysia"
138,"Macao","31/01/2020",7,0,0,0,11,NA,"China-Macao"
139,"France","31/01/2020",6,1,0,0,11,NA,"France"
140,"USA","31/01/2020",6,1,0,0,11,NA,"UnitedStatesofAmerica"
141,"Germany","31/01/2020",5,1,0,0,11,NA,"Germany"
142,"Vietnam","31/01/2020",5,3,0,0,11,NA,"VietNam"
143,"United Arab Emirates","31/01/2020",4,0,0,0,11,NA,"UnitedArabEmirates"
144,"Canada","31/01/2020",3,0,0,0,11,NA,"Canada"
145,"Italy","31/01/2020",2,2,0,0,11,NA,"Italy"
146,"Cambodia","31/01/2020",1,0,0,0,11,NA,"Cambodia"
147,"Finland","31/01/2020",1,0,0,0,11,NA,"Finland"
148,"India","31/01/2020",1,0,0,0,11,NA,"India"
149,"Nepal","31/01/2020",1,0,0,0,11,NA,"Nepal"
150,"Philippines","31/01/2020",1,0,0,0,11,NA,"Philippines"
151,"Sri Lanka","31/01/2020",1,0,0,0,11,NA,"SriLanka"
152,"Mainland China","01/02/2020",11791,2099,259,46,12,NA,"China"
153,"Thailand","01/02/2020",19,5,0,0,12,NA,"Thailand"
154,"Japan","01/02/2020",17,3,0,0,12,NA,"Japan"
155,"Singapore","01/02/2020",16,3,0,0,12,NA,"Singapore"
156,"Hong Kong","01/02/2020",13,1,0,0,12,NA,"China-HongKongSAR"
157,"Australia","01/02/2020",12,3,0,0,12,NA,"Australia"
158,"Republic of Korea","01/02/2020",12,1,0,0,12,NA,"RepublicofKorea"
159,"Taiwan","01/02/2020",10,1,0,0,12,NA,"China-Taipei"
160,"Malaysia","01/02/2020",8,0,0,0,12,NA,"Malaysia"
161,"Germany","01/02/2020",7,2,0,0,12,NA,"Germany"
162,"Macao","01/02/2020",7,0,0,0,12,NA,"China-Macao"
163,"USA","01/02/2020",7,1,0,0,12,NA,"UnitedStatesofAmerica"
164,"France","01/02/2020",6,0,0,0,12,NA,"France"
165,"Vietnam","01/02/2020",6,1,0,0,12,NA,"VietNam"
166,"Canada","01/02/2020",4,1,0,0,12,NA,"Canada"
167,"United Arab Emirates","01/02/2020",4,0,0,0,12,NA,"UnitedArabEmirates"
168,"Italy","01/02/2020",2,0,0,0,12,NA,"Italy"
169,"Russian Federation","01/02/2020",2,2,0,0,12,NA,"RussianFederation"
170,"UK","01/02/2020",2,2,0,0,12,NA,"UnitedKingdom"
171,"Cambodia","01/02/2020",1,0,0,0,12,NA,"Cambodia"
172,"Finland","01/02/2020",1,0,0,0,12,NA,"Finland"
173,"India","01/02/2020",1,0,0,0,12,NA,"India"
174,"Nepal","01/02/2020",1,0,0,0,12,NA,"Nepal"
175,"Philippines","01/02/2020",1,0,0,0,12,NA,"Philippines"
176,"Spain","01/02/2020",1,1,0,0,12,NA,"Spain"
177,"Sri Lanka","01/02/2020",1,0,0,0,12,NA,"SriLanka"
178,"Sweden","01/02/2020",1,1,0,0,12,NA,"Sweden"
179,"Mainland China","02/02/2020",14380,2589,304,45,13,NA,"China"
180,"Japan","02/02/2020",20,3,0,0,13,NA,"Japan"
181,"Thailand","02/02/2020",19,0,0,0,13,NA,"Thailand"
182,"Singapore","02/02/2020",18,2,0,0,13,NA,"Singapore"
183,"Republic of Korea","02/02/2020",15,3,0,0,13,NA,"RepublicofKorea"
184,"Hong Kong","02/02/2020",14,1,0,0,13,NA,"China-HongKongSAR"
185,"Australia","02/02/2020",12,0,0,0,13,NA,"Australia"
186,"Taiwan","02/02/2020",10,0,0,0,13,NA,"China-Taipei"
187,"Germany","02/02/2020",8,1,0,0,13,NA,"Germany"
188,"Malaysia","02/02/2020",8,0,0,0,13,NA,"Malaysia"
189,"USA","02/02/2020",8,1,0,0,13,NA,"UnitedStatesofAmerica"
190,"Macao","02/02/2020",7,0,0,0,13,NA,"China-Macao"
191,"Vietnam","02/02/2020",7,1,0,0,13,NA,"VietNam"
192,"France","02/02/2020",6,0,0,0,13,NA,"France"
193,"United Arab Emirates","02/02/2020",5,1,0,0,13,NA,"UnitedArabEmirates"
194,"Canada","02/02/2020",4,0,0,0,13,NA,"Canada"
195,"India","02/02/2020",2,1,0,0,13,NA,"India"
196,"Italy","02/02/2020",2,0,0,0,13,NA,"Italy"
197,"Philippines","02/02/2020",2,1,1,1,13,NA,"Philippines"
198,"Russian Federation","02/02/2020",2,0,0,0,13,NA,"RussianFederation"
199,"UK","02/02/2020",2,0,0,0,13,NA,"UnitedKingdom"
200,"Cambodia","02/02/2020",1,0,0,0,13,NA,"Cambodia"
201,"Finland","02/02/2020",1,0,0,0,13,NA,"Finland"
202,"Nepal","02/02/2020",1,0,0,0,13,NA,"Nepal"
203,"Spain","02/02/2020",1,0,0,0,13,NA,"Spain"
204,"Sri Lanka","02/02/2020",1,0,0,0,13,NA,"SriLanka"
205,"Sweden","02/02/2020",1,0,0,0,13,NA,"Sweden"
206,"Mainland China","03/02/2020",17205,2825,361,57,14,NA,"China"
207,"Japan","03/02/2020",20,0,0,0,14,NA,"Japan"
208,"Thailand","03/02/2020",19,0,0,0,14,NA,"Thailand"
209,"Singapore","03/02/2020",18,0,0,0,14,NA,"Singapore"
210,"Hong Kong","03/02/2020",15,1,0,0,14,NA,"China-HongKongSAR"
211,"Republic of Korea","03/02/2020",15,0,0,0,14,NA,"RepublicofKorea"
212,"Australia","03/02/2020",12,0,0,0,14,NA,"Australia"
213,"USA","03/02/2020",11,3,0,0,14,NA,"UnitedStatesofAmerica"
214,"Germany","03/02/2020",10,2,0,0,14,NA,"Germany"
215,"Taiwan","03/02/2020",10,0,0,0,14,NA,"China-Taipei"
216,"Macao","03/02/2020",8,1,0,0,14,NA,"China-Macao"
217,"Malaysia","03/02/2020",8,0,0,0,14,NA,"Malaysia"
218,"Vietnam","03/02/2020",8,1,0,0,14,NA,"VietNam"
219,"France","03/02/2020",6,0,0,0,14,NA,"France"
220,"United Arab Emirates","03/02/2020",5,0,0,0,14,NA,"UnitedArabEmirates"
221,"Canada","03/02/2020",4,0,0,0,14,NA,"Canada"
222,"India","03/02/2020",3,1,0,0,14,NA,"India"
223,"Italy","03/02/2020",2,0,0,0,14,NA,"Italy"
224,"Philippines","03/02/2020",2,0,1,0,14,NA,"Philippines"
225,"Russian Federation","03/02/2020",2,0,0,0,14,NA,"RussianFederation"
226,"UK","03/02/2020",2,0,0,0,14,NA,"UnitedKingdom"
227,"Cambodia","03/02/2020",1,0,0,0,14,NA,"Cambodia"
228,"Finland","03/02/2020",1,0,0,0,14,NA,"Finland"
229,"Nepal","03/02/2020",1,0,0,0,14,NA,"Nepal"
230,"Spain","03/02/2020",1,0,0,0,14,NA,"Spain"
231,"Sri Lanka","03/02/2020",1,0,0,0,14,NA,"SriLanka"
232,"Sweden","03/02/2020",1,0,0,0,14,NA,"Sweden"
233,"Mainland China","04/02/2020",20438,3233,425,64,15,NA,"China"
234,"Japan","04/02/2020",20,0,0,0,15,NA,"Japan"
235,"Thailand","04/02/2020",19,0,0,0,15,NA,"Thailand"
236,"Singapore","04/02/2020",18,0,0,0,15,NA,"Singapore"
237,"Republic of Korea","04/02/2020",16,1,0,0,15,NA,"RepublicofKorea"
238,"Hong Kong","04/02/2020",15,0,0,0,15,NA,"China-HongKongSAR"
239,"Australia","04/02/2020",12,0,0,0,15,NA,"Australia"
240,"Germany","04/02/2020",12,2,0,0,15,NA,"Germany"
241,"USA","04/02/2020",11,0,0,0,15,NA,"UnitedStatesofAmerica"
242,"Malaysia","04/02/2020",10,2,0,0,15,NA,"Malaysia"
243,"Taiwan","04/02/2020",10,0,0,0,15,NA,"China-Taipei"
244,"Vietnam","04/02/2020",9,1,0,0,15,NA,"VietNam"
245,"Macao","04/02/2020",8,0,0,0,15,NA,"China-Macao"
246,"France","04/02/2020",6,0,0,0,15,NA,"France"
247,"United Arab Emirates","04/02/2020",5,0,0,0,15,NA,"UnitedArabEmirates"
248,"Canada","04/02/2020",4,0,0,0,15,NA,"Canada"
249,"India","04/02/2020",3,0,0,0,15,NA,"India"
250,"Italy","04/02/2020",2,0,0,0,15,NA,"Italy"
251,"Philippines","04/02/2020",2,0,1,0,15,NA,"Philippines"
252,"Russian Federation","04/02/2020",2,0,0,0,15,NA,"RussianFederation"
253,"UK","04/02/2020",2,0,0,0,15,NA,"UnitedKingdom"
254,"Cambodia","04/02/2020",1,0,0,0,15,NA,"Cambodia"
255,"Finland","04/02/2020",1,0,0,0,15,NA,"Finland"
256,"Nepal","04/02/2020",1,0,0,0,15,NA,"Nepal"
257,"Spain","04/02/2020",1,0,0,0,15,NA,"Spain"
258,"Sri Lanka","04/02/2020",1,0,0,0,15,NA,"SriLanka"
259,"Sweden","04/02/2020",1,0,0,0,15,NA,"Sweden"
260,"Mainland China","05/02/2020",24324,3886,490,65,16,NA,"China"
261,"Thailand","05/02/2020",25,6,0,0,16,NA,"Thailand"
262,"Singapore","05/02/2020",24,6,0,0,16,NA,"Singapore"
263,"Japan","05/02/2020",23,3,0,0,16,NA,"Japan"
264,"Hong Kong","05/02/2020",18,3,1,1,16,NA,"China-HongKongSAR"
265,"Republic of Korea","05/02/2020",18,2,0,0,16,NA,"RepublicofKorea"
266,"Australia","05/02/2020",13,1,0,0,16,NA,"Australia"
267,"Germany","05/02/2020",12,0,0,0,16,NA,"Germany"
268,"Taiwan","05/02/2020",11,1,0,0,16,NA,"China-Taipei"
269,"USA","05/02/2020",11,0,0,0,16,NA,"UnitedStatesofAmerica"
270,"Macao","05/02/2020",10,2,0,0,16,NA,"China-Macao"
271,"Malaysia","05/02/2020",10,0,0,0,16,NA,"Malaysia"
272,"Vietnam","05/02/2020",10,1,0,0,16,NA,"VietNam"
273,"France","05/02/2020",6,0,0,0,16,NA,"France"
274,"Canada","05/02/2020",5,1,0,0,16,NA,"Canada"
275,"United Arab Emirates","05/02/2020",5,0,0,0,16,NA,"UnitedArabEmirates"
276,"India","05/02/2020",3,0,0,0,16,NA,"India"
277,"Philippines","05/02/2020",3,1,1,0,16,NA,"Philippines"
278,"Italy","05/02/2020",2,0,0,0,16,NA,"Italy"
279,"Russian Federation","05/02/2020",2,0,0,0,16,NA,"RussianFederation"
280,"UK","05/02/2020",2,0,0,0,16,NA,"UnitedKingdom"
281,"Belgium","05/02/2020",1,1,0,0,16,NA,"Belgium"
282,"Cambodia","05/02/2020",1,0,0,0,16,NA,"Cambodia"
283,"Finland","05/02/2020",1,0,0,0,16,NA,"Finland"
284,"Nepal","05/02/2020",1,0,0,0,16,NA,"Nepal"
285,"Spain","05/02/2020",1,0,0,0,16,NA,"Spain"
286,"Sri Lanka","05/02/2020",1,0,0,0,16,NA,"SriLanka"
287,"Sweden","05/02/2020",1,0,0,0,16,NA,"Sweden"
288,"Mainland China","06/02/2020",28018,3694,563,73,17,NA,"China"
289,"Singapore","06/02/2020",28,4,0,0,17,NA,"Singapore"
290,"Japan","06/02/2020",25,2,0,0,17,NA,"Japan"
291,"Thailand","06/02/2020",25,0,0,0,17,NA,"Thailand"
292,"Republic of Korea","06/02/2020",23,5,0,0,17,NA,"RepublicofKorea"
293,"Hong Kong","06/02/2020",21,3,1,0,17,NA,"China-HongKongSAR"
294,"International cruise ship (Japan)","06/02/2020",20,20,0,0,17,NA,"InternationalConveyance"
295,"Australia","06/02/2020",14,1,0,0,17,NA,"Australia"
296,"Germany","06/02/2020",12,0,0,0,17,NA,"Germany"
297,"Malaysia","06/02/2020",12,2,0,0,17,NA,"Malaysia"
298,"USA","06/02/2020",12,1,0,0,17,NA,"UnitedStatesofAmerica"
299,"Taiwan","06/02/2020",11,0,0,0,17,NA,"China-Taipei"
300,"Macao","06/02/2020",10,0,0,0,17,NA,"China-Macao"
301,"Vietnam","06/02/2020",10,0,0,0,17,NA,"VietNam"
302,"France","06/02/2020",6,0,0,0,17,NA,"France"
303,"Canada","06/02/2020",5,0,0,0,17,NA,"Canada"
304,"United Arab Emirates","06/02/2020",5,0,0,0,17,NA,"UnitedArabEmirates"
305,"India","06/02/2020",3,0,0,0,17,NA,"India"
306,"Philippines","06/02/2020",3,0,1,0,17,NA,"Philippines"
307,"Italy","06/02/2020",2,0,0,0,17,NA,"Italy"
308,"Russian Federation","06/02/2020",2,0,0,0,17,NA,"RussianFederation"
309,"UK","06/02/2020",2,0,0,0,17,NA,"UnitedKingdom"
310,"Belgium","06/02/2020",1,0,0,0,17,NA,"Belgium"
311,"Cambodia","06/02/2020",1,0,0,0,17,NA,"Cambodia"
312,"Finland","06/02/2020",1,0,0,0,17,NA,"Finland"
313,"Nepal","06/02/2020",1,0,0,0,17,NA,"Nepal"
314,"Spain","06/02/2020",1,0,0,0,17,NA,"Spain"
315,"Sri Lanka","06/02/2020",1,0,0,0,17,NA,"SriLanka"
316,"Sweden","06/02/2020",1,0,0,0,17,NA,"Sweden"
317,"Mainland China","07/02/2020",31161,3143,636,73,18,NA,"China"
318,"International cruise ship (Japan)","07/02/2020",61,41,0,0,18,NA,"InternationalConveyance"
319,"Singapore","07/02/2020",30,2,0,0,18,NA,"Singapore"
320,"Japan","07/02/2020",25,0,0,0,18,NA,"Japan"
321,"Thailand","07/02/2020",25,0,0,0,18,NA,"Thailand"
322,"Hong Kong","07/02/2020",24,3,1,0,18,NA,"China-HongKongSAR"
323,"Republic of Korea","07/02/2020",24,1,0,0,18,NA,"RepublicofKorea"
324,"Taiwan","07/02/2020",16,5,0,0,18,NA,"China-Taipei"
325,"Australia","07/02/2020",15,1,0,0,18,NA,"Australia"
326,"Malaysia","07/02/2020",14,2,0,0,18,NA,"Malaysia"
327,"Germany","07/02/2020",13,1,0,0,18,NA,"Germany"
328,"USA","07/02/2020",12,0,0,0,18,NA,"UnitedStatesofAmerica"
329,"Vietnam","07/02/2020",12,2,0,0,18,NA,"VietNam"
330,"Macao","07/02/2020",10,0,0,0,18,NA,"China-Macao"
331,"Canada","07/02/2020",7,2,0,0,18,NA,"Canada"
332,"France","07/02/2020",6,0,0,0,18,NA,"France"
333,"United Arab Emirates","07/02/2020",5,0,0,0,18,NA,"UnitedArabEmirates"
334,"India","07/02/2020",3,0,0,0,18,NA,"India"
335,"Italy","07/02/2020",3,1,0,0,18,NA,"Italy"
336,"Philippines","07/02/2020",3,0,1,0,18,NA,"Philippines"
337,"UK","07/02/2020",3,1,0,0,18,NA,"UnitedKingdom"
338,"Russian Federation","07/02/2020",2,0,0,0,18,NA,"RussianFederation"
339,"Belgium","07/02/2020",1,0,0,0,18,NA,"Belgium"
340,"Cambodia","07/02/2020",1,0,0,0,18,NA,"Cambodia"
341,"Finland","07/02/2020",1,0,0,0,18,NA,"Finland"
342,"Nepal","07/02/2020",1,0,0,0,18,NA,"Nepal"
343,"Spain","07/02/2020",1,0,0,0,18,NA,"Spain"
344,"Sri Lanka","07/02/2020",1,0,0,0,18,NA,"SriLanka"
345,"Sweden","07/02/2020",1,0,0,0,18,NA,"Sweden"
346,"Mainland China","08/02/2020",34546,3385,722,86,19,NA,"China"
347,"International cruise ship (Japan)","08/02/2020",64,3,0,0,19,NA,"InternationalConveyance"
348,"Singapore","08/02/2020",33,3,0,0,19,NA,"Singapore"
349,"Thailand","08/02/2020",32,7,0,0,19,NA,"Thailand"
350,"Hong Kong","08/02/2020",26,2,1,0,19,NA,"China-HongKongSAR"
351,"Japan","08/02/2020",25,0,0,0,19,NA,"Japan"
352,"Republic of Korea","08/02/2020",24,0,0,0,19,NA,"RepublicofKorea"
353,"Taiwan","08/02/2020",16,0,0,0,19,NA,"China-Taipei"
354,"Australia","08/02/2020",15,0,0,0,19,NA,"Australia"
355,"Malaysia","08/02/2020",15,1,0,0,19,NA,"Malaysia"
356,"Germany","08/02/2020",14,1,0,0,19,NA,"Germany"
357,"Vietnam","08/02/2020",13,1,0,0,19,NA,"VietNam"
358,"USA","08/02/2020",12,0,0,0,19,NA,"UnitedStatesofAmerica"
359,"Macao","08/02/2020",10,0,0,0,19,NA,"China-Macao"
360,"Canada","08/02/2020",7,0,0,0,19,NA,"Canada"
361,"United Arab Emirates","08/02/2020",7,2,0,0,19,NA,"UnitedArabEmirates"
362,"France","08/02/2020",6,0,0,0,19,NA,"France"
363,"India","08/02/2020",3,0,0,0,19,NA,"India"
364,"Italy","08/02/2020",3,0,0,0,19,NA,"Italy"
365,"Philippines","08/02/2020",3,0,1,0,19,NA,"Philippines"
366,"UK","08/02/2020",3,0,0,0,19,NA,"UnitedKingdom"
367,"Russian Federation","08/02/2020",2,0,0,0,19,NA,"RussianFederation"
368,"Belgium","08/02/2020",1,0,0,0,19,NA,"Belgium"
369,"Cambodia","08/02/2020",1,0,0,0,19,NA,"Cambodia"
370,"Finland","08/02/2020",1,0,0,0,19,NA,"Finland"
371,"Nepal","08/02/2020",1,0,0,0,19,NA,"Nepal"
372,"Spain","08/02/2020",1,0,0,0,19,NA,"Spain"
373,"Sri Lanka","08/02/2020",1,0,0,0,19,NA,"SriLanka"
374,"Sweden","08/02/2020",1,0,0,0,19,NA,"Sweden"
375,"Mainland China","09/02/2020",37198,2652,811,89,20,NA,"China"
376,"International cruise ship (Japan)","09/02/2020",64,0,0,0,20,NA,"InternationalConveyance"
377,"Singapore","09/02/2020",40,7,0,0,20,NA,"Singapore"
378,"Thailand","09/02/2020",32,0,0,0,20,NA,"Thailand"
379,"Republic of Korea","09/02/2020",27,3,0,0,20,NA,"RepublicofKorea"
380,"Hong Kong","09/02/2020",26,0,1,0,20,NA,"China-HongKongSAR"
381,"Japan","09/02/2020",26,1,0,0,20,NA,"Japan"
382,"Malaysia","09/02/2020",17,2,0,0,20,NA,"Malaysia"
383,"Taiwan","09/02/2020",17,1,0,0,20,NA,"China-Taipei"
384,"Australia","09/02/2020",15,0,0,0,20,NA,"Australia"
385,"Germany","09/02/2020",14,0,0,0,20,NA,"Germany"
386,"Vietnam","09/02/2020",14,1,0,0,20,NA,"VietNam"
387,"USA","09/02/2020",12,0,0,0,20,NA,"UnitedStatesofAmerica"
388,"France","09/02/2020",11,5,0,0,20,NA,"France"
389,"Macao","09/02/2020",10,0,0,0,20,NA,"China-Macao"
390,"Canada","09/02/2020",7,0,0,0,20,NA,"Canada"
391,"United Arab Emirates","09/02/2020",7,0,0,0,20,NA,"UnitedArabEmirates"
392,"India","09/02/2020",3,0,0,0,20,NA,"India"
393,"Italy","09/02/2020",3,0,0,0,20,NA,"Italy"
394,"Philippines","09/02/2020",3,0,1,0,20,NA,"Philippines"
395,"UK","09/02/2020",3,0,0,0,20,NA,"UnitedKingdom"
396,"Russian Federation","09/02/2020",2,0,0,0,20,NA,"RussianFederation"
397,"Belgium","09/02/2020",1,0,0,0,20,NA,"Belgium"
398,"Cambodia","09/02/2020",1,0,0,0,20,NA,"Cambodia"
399,"Finland","09/02/2020",1,0,0,0,20,NA,"Finland"
400,"Nepal","09/02/2020",1,0,0,0,20,NA,"Nepal"
401,"Spain","09/02/2020",1,0,0,0,20,NA,"Spain"
402,"Sri Lanka","09/02/2020",1,0,0,0,20,NA,"SriLanka"
403,"Sweden","09/02/2020",1,0,0,0,20,NA,"Sweden"
404,"Mainland China","10/02/2020",40171,2973,908,97,21,NA,"China"
405,"International cruise ship (Japan)","10/02/2020",70,6,0,0,21,NA,"InternationalConveyance"
406,"Singapore","10/02/2020",43,3,0,0,21,NA,"Singapore"
407,"Hong Kong","10/02/2020",36,10,1,0,21,NA,"China-HongKongSAR"
408,"Thailand","10/02/2020",32,0,0,0,21,NA,"Thailand"
409,"Republic of Korea","10/02/2020",27,0,0,0,21,NA,"RepublicofKorea"
410,"Japan","10/02/2020",26,0,0,0,21,NA,"Japan"
411,"Malaysia","10/02/2020",18,1,0,0,21,NA,"Malaysia"
412,"Taiwan","10/02/2020",18,1,0,0,21,NA,"China-Taipei"
413,"Australia","10/02/2020",15,0,0,0,21,NA,"Australia"
414,"Germany","10/02/2020",14,0,0,0,21,NA,"Germany"
415,"Vietnam","10/02/2020",14,0,0,0,21,NA,"VietNam"
416,"USA","10/02/2020",12,0,0,0,21,NA,"UnitedStatesofAmerica"
417,"France","10/02/2020",11,0,0,0,21,NA,"France"
418,"Macao","10/02/2020",10,0,0,0,21,NA,"China-Macao"
419,"Canada","10/02/2020",7,0,0,0,21,NA,"Canada"
420,"United Arab Emirates","10/02/2020",7,0,0,0,21,NA,"UnitedArabEmirates"
421,"UK","10/02/2020",4,1,0,0,21,NA,"UnitedKingdom"
422,"India","10/02/2020",3,0,0,0,21,NA,"India"
423,"Italy","10/02/2020",3,0,0,0,21,NA,"Italy"
424,"Philippines","10/02/2020",3,0,1,0,21,NA,"Philippines"
425,"Russian Federation","10/02/2020",2,0,0,0,21,NA,"RussianFederation"
426,"Spain","10/02/2020",2,1,0,0,21,NA,"Spain"
427,"Belgium","10/02/2020",1,0,0,0,21,NA,"Belgium"
428,"Cambodia","10/02/2020",1,0,0,0,21,NA,"Cambodia"
429,"Finland","10/02/2020",1,0,0,0,21,NA,"Finland"
430,"Nepal","10/02/2020",1,0,0,0,21,NA,"Nepal"
431,"Sri Lanka","10/02/2020",1,0,0,0,21,NA,"SriLanka"
432,"Sweden","10/02/2020",1,0,0,0,21,NA,"Sweden"
433,"Mainland China","11/02/2020",42638,2467,1016,108,22,NA,"China"
434,"International cruise ship (Japan)","11/02/2020",135,65,0,0,22,NA,"InternationalConveyance"
435,"Singapore","11/02/2020",45,2,0,0,22,NA,"Singapore"
436,"Hong Kong","11/02/2020",42,6,1,0,22,NA,"China-HongKongSAR"
437,"Thailand","11/02/2020",33,1,0,0,22,NA,"Thailand"
438,"Republic of Korea","11/02/2020",28,1,0,0,22,NA,"RepublicofKorea"
439,"Japan","11/02/2020",26,0,0,0,22,NA,"Japan"
440,"Malaysia","11/02/2020",18,0,0,0,22,NA,"Malaysia"
441,"Taiwan","11/02/2020",18,0,0,0,22,NA,"China-Taipei"
442,"Australia","11/02/2020",15,0,0,0,22,NA,"Australia"
443,"Vietnam","11/02/2020",15,1,0,0,22,NA,"VietNam"
444,"Germany","11/02/2020",14,0,0,0,22,NA,"Germany"
445,"USA","11/02/2020",13,1,0,0,22,NA,"UnitedStatesofAmerica"
446,"France","11/02/2020",11,0,0,0,22,NA,"France"
447,"Macao","11/02/2020",10,0,0,0,22,NA,"China-Macao"
448,"UK","11/02/2020",8,4,0,0,22,NA,"UnitedKingdom"
449,"United Arab Emirates","11/02/2020",8,1,0,0,22,NA,"UnitedArabEmirates"
450,"Canada","11/02/2020",7,0,0,0,22,NA,"Canada"
451,"India","11/02/2020",3,0,0,0,22,NA,"India"
452,"Italy","11/02/2020",3,0,0,0,22,NA,"Italy"
453,"Philippines","11/02/2020",3,0,1,0,22,NA,"Philippines"
454,"Russian Federation","11/02/2020",2,0,0,0,22,NA,"RussianFederation"
455,"Spain","11/02/2020",2,0,0,0,22,NA,"Spain"
456,"Belgium","11/02/2020",1,0,0,0,22,NA,"Belgium"
457,"Cambodia","11/02/2020",1,0,0,0,22,NA,"Cambodia"
458,"Finland","11/02/2020",1,0,0,0,22,NA,"Finland"
459,"Nepal","11/02/2020",1,0,0,0,22,NA,"Nepal"
460,"Sri Lanka","11/02/2020",1,0,0,0,22,NA,"SriLanka"
461,"Sweden","11/02/2020",1,0,0,0,22,NA,"Sweden"
462,"Mainland China","12/02/2020",44653,2015,1113,97,23,NA,"China"
463,"International cruise ship (Japan)","12/02/2020",175,40,0,0,23,NA,"InternationalConveyance"
464,"Hong Kong","12/02/2020",49,7,1,0,23,NA,"China-HongKongSAR"
465,"Singapore","12/02/2020",47,2,0,0,23,NA,"Singapore"
466,"Thailand","12/02/2020",33,0,0,0,23,NA,"Thailand"
467,"Japan","12/02/2020",28,2,0,0,23,NA,"Japan"
468,"Republic of Korea","12/02/2020",28,0,0,0,23,NA,"RepublicofKorea"
469,"Malaysia","12/02/2020",18,0,0,0,23,NA,"Malaysia"
470,"Taiwan","12/02/2020",18,0,0,0,23,NA,"China-Taipei"
471,"Germany","12/02/2020",16,2,0,0,23,NA,"Germany"
472,"Australia","12/02/2020",15,0,0,0,23,NA,"Australia"
473,"Vietnam","12/02/2020",15,0,0,0,23,NA,"VietNam"
474,"USA","12/02/2020",13,0,0,0,23,NA,"UnitedStatesofAmerica"
475,"France","12/02/2020",11,0,0,0,23,NA,"France"
476,"Macao","12/02/2020",10,0,0,0,23,NA,"China-Macao"
477,"UK","12/02/2020",8,0,0,0,23,NA,"UnitedKingdom"
478,"United Arab Emirates","12/02/2020",8,0,0,0,23,NA,"UnitedArabEmirates"
479,"Canada","12/02/2020",7,0,0,0,23,NA,"Canada"
480,"India","12/02/2020",3,0,0,0,23,NA,"India"
481,"Italy","12/02/2020",3,0,0,0,23,NA,"Italy"
482,"Philippines","12/02/2020",3,0,1,0,23,NA,"Philippines"
483,"Russian Federation","12/02/2020",2,0,0,0,23,NA,"RussianFederation"
484,"Spain","12/02/2020",2,0,0,0,23,NA,"Spain"
485,"Belgium","12/02/2020",1,0,0,0,23,NA,"Belgium"
486,"Cambodia","12/02/2020",1,0,0,0,23,NA,"Cambodia"
487,"Finland","12/02/2020",1,0,0,0,23,NA,"Finland"
488,"Nepal","12/02/2020",1,0,0,0,23,NA,"Nepal"
489,"Sri Lanka","12/02/2020",1,0,0,0,23,NA,"SriLanka"
490,"Sweden","12/02/2020",1,0,0,0,23,NA,"Sweden"
491,"Mainland China","13/02/2020",46472,1819,1367,254,24,NA,"China"
492,"International cruise ship (Japan)","13/02/2020",174,0,0,0,24,NA,"InternationalConveyance"
493,"Hong Kong","13/02/2020",50,1,1,0,24,NA,"China-HongKongSAR"
494,"Singapore","13/02/2020",50,3,0,0,24,NA,"Singapore"
495,"Thailand","13/02/2020",33,0,0,0,24,NA,"Thailand"
496,"Japan","13/02/2020",29,1,0,0,24,NA,"Japan"
497,"Republic of Korea","13/02/2020",28,0,0,0,24,NA,"RepublicofKorea"
498,"Malaysia","13/02/2020",18,0,0,0,24,NA,"Malaysia"
499,"Taiwan","13/02/2020",18,0,0,0,24,NA,"China-Taipei"
500,"Germany","13/02/2020",16,0,0,0,24,NA,"Germany"
501,"Vietnam","13/02/2020",16,1,0,0,24,NA,"VietNam"
502,"Australia","13/02/2020",15,0,0,0,24,NA,"Australia"
503,"USA","13/02/2020",14,1,0,0,24,NA,"UnitedStatesofAmerica"
504,"France","13/02/2020",11,0,0,0,24,NA,"France"
505,"Macao","13/02/2020",10,0,0,0,24,NA,"China-Macao"
506,"UK","13/02/2020",9,1,0,0,24,NA,"UnitedKingdom"
507,"United Arab Emirates","13/02/2020",8,0,0,0,24,NA,"UnitedArabEmirates"
508,"Canada","13/02/2020",7,0,0,0,24,NA,"Canada"
509,"India","13/02/2020",3,0,0,0,24,NA,"India"
510,"Italy","13/02/2020",3,0,0,0,24,NA,"Italy"
511,"Philippines","13/02/2020",3,0,1,0,24,NA,"Philippines"
512,"Russian Federation","13/02/2020",2,0,0,0,24,NA,"RussianFederation"
513,"Spain","13/02/2020",2,0,0,0,24,NA,"Spain"
514,"Belgium","13/02/2020",1,0,0,0,24,NA,"Belgium"
515,"Cambodia","13/02/2020",1,0,0,0,24,NA,"Cambodia"
516,"Finland","13/02/2020",1,0,0,0,24,NA,"Finland"
517,"Nepal","13/02/2020",1,0,0,0,24,NA,"Nepal"
518,"Sri Lanka","13/02/2020",1,0,0,0,24,NA,"SriLanka"
519,"Sweden","13/02/2020",1,0,0,0,24,NA,"Sweden"
520,"Mainland China","14/02/2020",63932,17460,1380,13,25,NA,"China"
521,"International cruise ship (Japan)","14/02/2020",218,44,0,0,25,NA,"InternationalConveyance"
522,"Singapore","14/02/2020",58,8,0,0,25,NA,"Singapore"
523,"Hong Kong","14/02/2020",53,3,1,0,25,NA,"China-HongKongSAR"
524,"Japan","14/02/2020",33,4,1,0,25,NA,"Japan"
525,"Thailand","14/02/2020",33,0,0,0,25,NA,"Thailand"
526,"Republic of Korea","14/02/2020",28,0,0,0,25,NA,"RepublicofKorea"
527,"Malaysia","14/02/2020",19,1,0,0,25,NA,"Malaysia"
528,"Taiwan","14/02/2020",18,0,0,0,25,NA,"China-Taipei"
529,"Germany","14/02/2020",16,0,0,0,25,NA,"Germany"
530,"Vietnam","14/02/2020",16,0,0,0,25,NA,"VietNam"
531,"Australia","14/02/2020",15,0,0,0,25,NA,"Australia"
532,"USA","14/02/2020",15,1,0,0,25,NA,"UnitedStatesofAmerica"
533,"France","14/02/2020",11,0,0,0,25,NA,"France"
534,"Macao","14/02/2020",10,0,0,0,25,NA,"China-Macao"
535,"UK","14/02/2020",9,0,0,0,25,NA,"UnitedKingdom"
536,"United Arab Emirates","14/02/2020",8,0,0,0,25,NA,"UnitedArabEmirates"
537,"Canada","14/02/2020",7,0,0,0,25,NA,"Canada"
538,"India","14/02/2020",3,0,0,0,25,NA,"India"
539,"Italy","14/02/2020",3,0,0,0,25,NA,"Italy"
540,"Philippines","14/02/2020",3,0,1,0,25,NA,"Philippines"
541,"Russian Federation","14/02/2020",2,0,0,0,25,NA,"RussianFederation"
542,"Spain","14/02/2020",2,0,0,0,25,NA,"Spain"
543,"Belgium","14/02/2020",1,0,0,0,25,NA,"Belgium"
544,"Cambodia","14/02/2020",1,0,0,0,25,NA,"Cambodia"
545,"Finland","14/02/2020",1,0,0,0,25,NA,"Finland"
546,"Nepal","14/02/2020",1,0,0,0,25,NA,"Nepal"
547,"Sri Lanka","14/02/2020",1,0,0,0,25,NA,"SriLanka"
548,"Sweden","14/02/2020",1,0,0,0,25,NA,"Sweden"
549,"Mainland China","15/02/2020",66492,2560,1523,143,26,NA,"China"
550,"International cruise ship (Japan)","15/02/2020",218,0,0,0,26,NA,"InternationalConveyance"
551,"Singapore","15/02/2020",67,9,0,0,26,NA,"Singapore"
552,"Hong Kong","15/02/2020",56,3,1,0,26,NA,"China-HongKongSAR"
553,"Japan","15/02/2020",41,8,1,0,26,NA,"Japan"
554,"Thailand","15/02/2020",34,1,0,0,26,NA,"Thailand"
555,"Republic of Korea","15/02/2020",28,0,0,0,26,NA,"RepublicofKorea"
556,"Malaysia","15/02/2020",21,2,0,0,26,NA,"Malaysia"
557,"Taiwan","15/02/2020",18,0,0,0,26,NA,"China-Taipei"
558,"Germany","15/02/2020",16,0,0,0,26,NA,"Germany"
559,"Vietnam","15/02/2020",16,0,0,0,26,NA,"VietNam"
560,"Australia","15/02/2020",15,0,0,0,26,NA,"Australia"
561,"USA","15/02/2020",15,0,0,0,26,NA,"UnitedStatesofAmerica"
562,"France","15/02/2020",11,0,0,0,26,NA,"France"
563,"Macao","15/02/2020",10,0,0,0,26,NA,"China-Macao"
564,"UK","15/02/2020",9,0,0,0,26,NA,"UnitedKingdom"
565,"United Arab Emirates","15/02/2020",8,0,0,0,26,NA,"UnitedArabEmirates"
566,"Canada","15/02/2020",7,0,0,0,26,NA,"Canada"
567,"India","15/02/2020",3,0,0,0,26,NA,"India"
568,"Italy","15/02/2020",3,0,0,0,26,NA,"Italy"
569,"Philippines","15/02/2020",3,0,1,0,26,NA,"Philippines"
570,"Russian Federation","15/02/2020",2,0,0,0,26,NA,"RussianFederation"
571,"Spain","15/02/2020",2,0,0,0,26,NA,"Spain"
572,"Belgium","15/02/2020",1,0,0,0,26,NA,"Belgium"
573,"Cambodia","15/02/2020",1,0,0,0,26,NA,"Cambodia"
574,"Egypt","15/02/2020",1,1,0,0,26,NA,"Egypt"
575,"Finland","15/02/2020",1,0,0,0,26,NA,"Finland"
576,"Nepal","15/02/2020",1,0,0,0,26,NA,"Nepal"
577,"Sri Lanka","15/02/2020",1,0,0,0,26,NA,"SriLanka"
578,"Sweden","15/02/2020",1,0,0,0,26,NA,"Sweden"
579,"Mainland China","16/02/2020",68500,2008,1665,142,27,NA,"China"
580,"International cruise ship (Japan)","16/02/2020",355,137,0,0,27,NA,"InternationalConveyance"
581,"Singapore","16/02/2020",72,5,0,0,27,NA,"Singapore"
582,"Hong Kong","16/02/2020",56,0,1,0,27,NA,"China-HongKongSAR"
583,"Japan","16/02/2020",53,12,1,0,27,NA,"Japan"
584,"Thailand","16/02/2020",34,0,0,0,27,NA,"Thailand"
585,"Republic of Korea","16/02/2020",29,1,0,0,27,NA,"RepublicofKorea"
586,"Malaysia","16/02/2020",22,1,0,0,27,NA,"Malaysia"
587,"Taiwan","16/02/2020",18,0,0,0,27,NA,"China-Taipei"
588,"Germany","16/02/2020",16,0,0,0,27,NA,"Germany"
589,"Vietnam","16/02/2020",16,0,0,0,27,NA,"VietNam"
590,"Australia","16/02/2020",15,0,0,0,27,NA,"Australia"
591,"USA","16/02/2020",15,0,0,0,27,NA,"UnitedStatesofAmerica"
592,"France","16/02/2020",12,1,1,1,27,NA,"France"
593,"Macao","16/02/2020",10,0,0,0,27,NA,"China-Macao"
594,"UK","16/02/2020",9,0,0,0,27,NA,"UnitedKingdom"
595,"United Arab Emirates","16/02/2020",8,0,0,0,27,NA,"UnitedArabEmirates"
596,"Canada","16/02/2020",7,0,0,0,27,NA,"Canada"
597,"India","16/02/2020",3,0,0,0,27,NA,"India"
598,"Italy","16/02/2020",3,0,0,0,27,NA,"Italy"
599,"Philippines","16/02/2020",3,0,1,0,27,NA,"Philippines"
600,"Russian Federation","16/02/2020",2,0,0,0,27,NA,"RussianFederation"
601,"Spain","16/02/2020",2,0,0,0,27,NA,"Spain"
602,"Belgium","16/02/2020",1,0,0,0,27,NA,"Belgium"
603,"Cambodia","16/02/2020",1,0,0,0,27,NA,"Cambodia"
604,"Egypt","16/02/2020",1,0,0,0,27,NA,"Egypt"
605,"Finland","16/02/2020",1,0,0,0,27,NA,"Finland"
606,"Nepal","16/02/2020",1,0,0,0,27,NA,"Nepal"
607,"Sri Lanka","16/02/2020",1,0,0,0,27,NA,"SriLanka"
608,"Sweden","16/02/2020",1,0,0,0,27,NA,"Sweden"
609,"Mainland China","17/02/2020",70548,2048,1770,105,28,NA,"China"
610,"International cruise ship (Japan)","17/02/2020",454,99,0,0,28,NA,"InternationalConveyance"
611,"Singapore","17/02/2020",75,3,0,0,28,NA,"Singapore"
612,"Japan","17/02/2020",59,6,1,0,28,NA,"Japan"
613,"Hong Kong","17/02/2020",57,1,1,0,28,NA,"China-HongKongSAR"
614,"Thailand","17/02/2020",35,1,0,0,28,NA,"Thailand"
615,"Republic of Korea","17/02/2020",30,1,0,0,28,NA,"RepublicofKorea"
616,"Malaysia","17/02/2020",22,0,0,0,28,NA,"Malaysia"
617,"Taiwan","17/02/2020",20,2,1,1,28,NA,"China-Taipei"
618,"Germany","17/02/2020",16,0,0,0,28,NA,"Germany"
619,"Vietnam","17/02/2020",16,0,0,0,28,NA,"VietNam"
620,"Australia","17/02/2020",15,0,0,0,28,NA,"Australia"
621,"USA","17/02/2020",15,0,0,0,28,NA,"UnitedStatesofAmerica"
622,"France","17/02/2020",12,0,1,0,28,NA,"France"
623,"Macao","17/02/2020",10,0,0,0,28,NA,"China-Macao"
624,"UK","17/02/2020",9,0,0,0,28,NA,"UnitedKingdom"
625,"United Arab Emirates","17/02/2020",9,1,0,0,28,NA,"UnitedArabEmirates"
626,"Canada","17/02/2020",7,0,0,0,28,NA,"Canada"
627,"India","17/02/2020",3,0,0,0,28,NA,"India"
628,"Italy","17/02/2020",3,0,0,0,28,NA,"Italy"
629,"Philippines","17/02/2020",3,0,1,0,28,NA,"Philippines"
630,"Russian Federation","17/02/2020",2,0,0,0,28,NA,"RussianFederation"
631,"Spain","17/02/2020",2,0,0,0,28,NA,"Spain"
632,"Belgium","17/02/2020",1,0,0,0,28,NA,"Belgium"
633,"Cambodia","17/02/2020",1,0,0,0,28,NA,"Cambodia"
634,"Egypt","17/02/2020",1,0,0,0,28,NA,"Egypt"
635,"Finland","17/02/2020",1,0,0,0,28,NA,"Finland"
636,"Nepal","17/02/2020",1,0,0,0,28,NA,"Nepal"
637,"Sri Lanka","17/02/2020",1,0,0,0,28,NA,"SriLanka"
638,"Sweden","17/02/2020",1,0,0,0,28,NA,"Sweden"
639,"Mainland China","18/02/2020",72436,1888,1868,98,29,NA,"China"
640,"International cruise ship (Japan)","18/02/2020",454,0,0,0,29,NA,"InternationalConveyance"
641,"Singapore","18/02/2020",77,2,0,0,29,NA,"Singapore"
642,"Japan","18/02/2020",65,6,1,0,29,NA,"Japan"
643,"Hong Kong","18/02/2020",60,3,1,0,29,NA,"China-HongKongSAR"
644,"Thailand","18/02/2020",35,0,0,0,29,NA,"Thailand"
645,"Republic of Korea","18/02/2020",31,1,0,0,29,NA,"RepublicofKorea"
646,"Malaysia","18/02/2020",22,0,0,0,29,NA,"Malaysia"
647,"Taiwan","18/02/2020",22,2,1,0,29,NA,"China-Taipei"
648,"Germany","18/02/2020",16,0,0,0,29,NA,"Germany"
649,"Vietnam","18/02/2020",16,0,0,0,29,NA,"VietNam"
650,"Australia","18/02/2020",15,0,0,0,29,NA,"Australia"
651,"USA","18/02/2020",15,0,0,0,29,NA,"UnitedStatesofAmerica"
652,"France","18/02/2020",12,0,1,0,29,NA,"France"
653,"Macao","18/02/2020",10,0,0,0,29,NA,"China-Macao"
654,"UK","18/02/2020",9,0,0,0,29,NA,"UnitedKingdom"
655,"United Arab Emirates","18/02/2020",9,0,0,0,29,NA,"UnitedArabEmirates"
656,"Canada","18/02/2020",8,1,0,0,29,NA,"Canada"
657,"India","18/02/2020",3,0,0,0,29,NA,"India"
658,"Italy","18/02/2020",3,0,0,0,29,NA,"Italy"
659,"Philippines","18/02/2020",3,0,1,0,29,NA,"Philippines"
660,"Russian Federation","18/02/2020",2,0,0,0,29,NA,"RussianFederation"
661,"Spain","18/02/2020",2,0,0,0,29,NA,"Spain"
662,"Belgium","18/02/2020",1,0,0,0,29,NA,"Belgium"
663,"Cambodia","18/02/2020",1,0,0,0,29,NA,"Cambodia"
664,"Egypt","18/02/2020",1,0,0,0,29,NA,"Egypt"
665,"Finland","18/02/2020",1,0,0,0,29,NA,"Finland"
666,"Nepal","18/02/2020",1,0,0,0,29,NA,"Nepal"
667,"Sri Lanka","18/02/2020",1,0,0,0,29,NA,"SriLanka"
668,"Sweden","18/02/2020",1,0,0,0,29,NA,"Sweden"
669,"Mainland China","19/02/2020",74185,1749,2004,136,30,NA,"China"
670,"International cruise ship (Japan)","19/02/2020",542,88,0,0,30,NA,"InternationalConveyance"
671,"Singapore","19/02/2020",81,4,0,0,30,NA,"Singapore"
672,"Japan","19/02/2020",73,8,1,0,30,NA,"Japan"
673,"Hong Kong","19/02/2020",62,2,1,0,30,NA,"China-HongKongSAR"
674,"Republic of Korea","19/02/2020",51,20,0,0,30,NA,"RepublicofKorea"
675,"Thailand","19/02/2020",35,0,0,0,30,NA,"Thailand"
676,"Taiwan","19/02/2020",23,1,1,0,30,NA,"China-Taipei"
677,"Malaysia","19/02/2020",22,0,0,0,30,NA,"Malaysia"
678,"Germany","19/02/2020",16,0,0,0,30,NA,"Germany"
679,"Vietnam","19/02/2020",16,0,0,0,30,NA,"VietNam"
680,"Australia","19/02/2020",15,0,0,0,30,NA,"Australia"
681,"USA","19/02/2020",15,0,0,0,30,NA,"UnitedStatesofAmerica"
682,"France","19/02/2020",12,0,1,0,30,NA,"France"
683,"Macao","19/02/2020",10,0,0,0,30,NA,"China-Macao"
684,"UK","19/02/2020",9,0,0,0,30,NA,"UnitedKingdom"
685,"United Arab Emirates","19/02/2020",9,0,0,0,30,NA,"UnitedArabEmirates"
686,"Canada","19/02/2020",8,0,0,0,30,NA,"Canada"
687,"India","19/02/2020",3,0,0,0,30,NA,"India"
688,"Italy","19/02/2020",3,0,0,0,30,NA,"Italy"
689,"Philippines","19/02/2020",3,0,1,0,30,NA,"Philippines"
690,"Russian Federation","19/02/2020",2,0,0,0,30,NA,"RussianFederation"
691,"Spain","19/02/2020",2,0,0,0,30,NA,"Spain"
692,"Belgium","19/02/2020",1,0,0,0,30,NA,"Belgium"
693,"Cambodia","19/02/2020",1,0,0,0,30,NA,"Cambodia"
694,"Egypt","19/02/2020",1,0,0,0,30,NA,"Egypt"
695,"Finland","19/02/2020",1,0,0,0,30,NA,"Finland"
696,"Nepal","19/02/2020",1,0,0,0,30,NA,"Nepal"
697,"Sri Lanka","19/02/2020",1,0,0,0,30,NA,"SriLanka"
698,"Sweden","19/02/2020",1,0,0,0,30,NA,"Sweden"
699,"Mainland China","20/02/2020",74576,391,2118,114,31,NA,"China"
700,"International cruise ship (Japan)","20/02/2020",621,79,2,2,31,NA,"InternationalConveyance"
701,"Republic of Korea","20/02/2020",104,53,1,1,31,NA,"RepublicofKorea"
702,"Japan","20/02/2020",85,12,1,0,31,NA,"Japan"
703,"Singapore","20/02/2020",84,3,0,0,31,NA,"Singapore"
704,"Hong Kong","20/02/2020",65,3,2,1,31,NA,"China-HongKongSAR"
705,"Thailand","20/02/2020",35,0,0,0,31,NA,"Thailand"
706,"Taiwan","20/02/2020",24,1,1,0,31,NA,"China-Taipei"
707,"Malaysia","20/02/2020",22,0,0,0,31,NA,"Malaysia"
708,"Germany","20/02/2020",16,0,0,0,31,NA,"Germany"
709,"Vietnam","20/02/2020",16,0,0,0,31,NA,"VietNam"
710,"Australia","20/02/2020",15,0,0,0,31,NA,"Australia"
711,"USA","20/02/2020",15,0,0,0,31,NA,"UnitedStatesofAmerica"
712,"France","20/02/2020",12,0,1,0,31,NA,"France"
713,"Macao","20/02/2020",10,0,0,0,31,NA,"China-Macao"
714,"UK","20/02/2020",9,0,0,0,31,NA,"UnitedKingdom"
715,"United Arab Emirates","20/02/2020",9,0,0,0,31,NA,"UnitedArabEmirates"
716,"Canada","20/02/2020",8,0,0,0,31,NA,"Canada"
717,"India","20/02/2020",3,0,0,0,31,NA,"India"
718,"Italy","20/02/2020",3,0,0,0,31,NA,"Italy"
719,"Philippines","20/02/2020",3,0,1,0,31,NA,"Philippines"
720,"Iran (Islamic Republic of)","20/02/2020",2,2,2,2,31,NA,"Iran"
721,"Russian Federation","20/02/2020",2,0,0,0,31,NA,"RussianFederation"
722,"Spain","20/02/2020",2,0,0,0,31,NA,"Spain"
723,"Belgium","20/02/2020",1,0,0,0,31,NA,"Belgium"
724,"Cambodia","20/02/2020",1,0,0,0,31,NA,"Cambodia"
725,"Egypt","20/02/2020",1,0,0,0,31,NA,"Egypt"
726,"Finland","20/02/2020",1,0,0,0,31,NA,"Finland"
727,"Nepal","20/02/2020",1,0,0,0,31,NA,"Nepal"
728,"Sri Lanka","20/02/2020",1,0,0,0,31,NA,"SriLanka"
729,"Sweden","20/02/2020",1,0,0,0,31,NA,"Sweden"
730,"Mainland China","21/02/2020",75465,889,2236,118,32,NA,"China"
731,"International cruise ship (Japan)","21/02/2020",634,13,2,0,32,NA,"InternationalConveyance"
732,"Republic of Korea","21/02/2020",204,100,1,0,32,NA,"RepublicofKorea"
733,"Japan","21/02/2020",93,8,1,0,32,NA,"Japan"
734,"Singapore","21/02/2020",85,1,0,0,32,NA,"Singapore"
735,"Hong Kong","21/02/2020",68,3,2,0,32,NA,"China-HongKongSAR"
736,"Thailand","21/02/2020",35,0,0,0,32,NA,"Thailand"
737,"Taiwan","21/02/2020",26,2,1,0,32,NA,"China-Taipei"
738,"Malaysia","21/02/2020",22,0,0,0,32,NA,"Malaysia"
739,"Australia","21/02/2020",17,2,0,0,32,NA,"Australia"
740,"Germany","21/02/2020",16,0,0,0,32,NA,"Germany"
741,"Vietnam","21/02/2020",16,0,0,0,32,NA,"VietNam"
742,"USA","21/02/2020",15,0,0,0,32,NA,"UnitedStatesofAmerica"
743,"France","21/02/2020",12,0,1,0,32,NA,"France"
744,"Macao","21/02/2020",10,0,0,0,32,NA,"China-Macao"
745,"UK","21/02/2020",9,0,0,0,32,NA,"UnitedKingdom"
746,"United Arab Emirates","21/02/2020",9,0,0,0,32,NA,"UnitedArabEmirates"
747,"Canada","21/02/2020",8,0,0,0,32,NA,"Canada"
748,"Iran (Islamic Republic of)","21/02/2020",5,3,2,0,32,NA,"Iran"
749,"India","21/02/2020",3,0,0,0,32,NA,"India"
750,"Italy","21/02/2020",3,0,0,0,32,NA,"Italy"
751,"Philippines","21/02/2020",3,0,1,0,32,NA,"Philippines"
752,"Russian Federation","21/02/2020",2,0,0,0,32,NA,"RussianFederation"
753,"Spain","21/02/2020",2,0,0,0,32,NA,"Spain"
754,"Belgium","21/02/2020",1,0,0,0,32,NA,"Belgium"
755,"Cambodia","21/02/2020",1,0,0,0,32,NA,"Cambodia"
756,"Egypt","21/02/2020",1,0,0,0,32,NA,"Egypt"
757,"Finland","21/02/2020",1,0,0,0,32,NA,"Finland"
758,"Nepal","21/02/2020",1,0,0,0,32,NA,"Nepal"
759,"Sri Lanka","21/02/2020",1,0,0,0,32,NA,"SriLanka"
760,"Sweden","21/02/2020",1,0,0,0,32,NA,"Sweden"
761,"Mainland China","22/02/2020",76288,823,2345,109,33,NA,"China"
762,"International cruise ship (Japan)","22/02/2020",634,0,2,0,33,NA,"InternationalConveyance"
763,"Republic of Korea","22/02/2020",346,142,2,1,33,NA,"RepublicofKorea"
764,"Japan","22/02/2020",105,12,1,0,33,NA,"Japan"
765,"Singapore","22/02/2020",86,1,0,0,33,NA,"Singapore"
766,"Hong Kong","22/02/2020",68,0,2,0,33,NA,"China-HongKongSAR"
767,"Thailand","22/02/2020",35,0,0,0,33,NA,"Thailand"
768,"USA","22/02/2020",35,20,0,0,33,NA,"UnitedStatesofAmerica"
769,"Taiwan","22/02/2020",26,0,1,0,33,NA,"China-Taipei"
770,"Malaysia","22/02/2020",22,0,0,0,33,NA,"Malaysia"
771,"Australia","22/02/2020",21,4,0,0,33,NA,"Australia"
772,"Iran (Islamic Republic of)","22/02/2020",18,13,4,2,33,NA,"Iran"
773,"Germany","22/02/2020",16,0,0,0,33,NA,"Germany"
774,"Vietnam","22/02/2020",16,0,0,0,33,NA,"VietNam"
775,"France","22/02/2020",12,0,1,0,33,NA,"France"
776,"United Arab Emirates","22/02/2020",11,2,0,0,33,NA,"UnitedArabEmirates"
777,"Macao","22/02/2020",10,0,0,0,33,NA,"China-Macao"
778,"Italy","22/02/2020",9,6,0,0,33,NA,"Italy"
779,"UK","22/02/2020",9,0,0,0,33,NA,"UnitedKingdom"
780,"Canada","22/02/2020",8,0,0,0,33,NA,"Canada"
781,"India","22/02/2020",3,0,0,0,33,NA,"India"
782,"Philippines","22/02/2020",3,0,1,0,33,NA,"Philippines"
783,"Russian Federation","22/02/2020",2,0,0,0,33,NA,"RussianFederation"
784,"Spain","22/02/2020",2,0,0,0,33,NA,"Spain"
785,"Belgium","22/02/2020",1,0,0,0,33,NA,"Belgium"
786,"Cambodia","22/02/2020",1,0,0,0,33,NA,"Cambodia"
787,"Egypt","22/02/2020",1,0,0,0,33,NA,"Egypt"
788,"Finland","22/02/2020",1,0,0,0,33,NA,"Finland"
789,"Israel","22/02/2020",1,1,0,0,33,NA,"Israel"
790,"Lebanon","22/02/2020",1,1,0,0,33,NA,"Lebanon"
791,"Nepal","22/02/2020",1,0,0,0,33,NA,"Nepal"
792,"Sri Lanka","22/02/2020",1,0,0,0,33,NA,"SriLanka"
793,"Sweden","22/02/2020",1,0,0,0,33,NA,"Sweden"
794,"Mainland China","23/02/2020",76936,648,2442,97,34,NA,"China"
795,"International cruise ship (Japan)","23/02/2020",634,0,2,0,34,NA,"InternationalConveyance"
796,"Republic of Korea","23/02/2020",602,256,5,3,34,NA,"RepublicofKorea"
797,"Japan","23/02/2020",132,27,1,0,34,NA,"Japan"
798,"Singapore","23/02/2020",89,3,0,0,34,NA,"Singapore"
799,"Italy","23/02/2020",76,67,2,2,34,NA,"Italy"
800,"Hong Kong","23/02/2020",70,2,2,0,34,NA,"China-HongKongSAR"
801,"Thailand","23/02/2020",35,0,0,0,34,NA,"Thailand"
802,"USA","23/02/2020",35,0,0,0,34,NA,"UnitedStatesofAmerica"
803,"Iran (Islamic Republic of)","23/02/2020",28,10,5,1,34,NA,"Iran"
804,"Taiwan","23/02/2020",26,0,1,0,34,NA,"China-Taipei"
805,"Australia","23/02/2020",22,1,0,0,34,NA,"Australia"
806,"Malaysia","23/02/2020",22,0,0,0,34,NA,"Malaysia"
807,"Germany","23/02/2020",16,0,0,0,34,NA,"Germany"
808,"Vietnam","23/02/2020",16,0,0,0,34,NA,"VietNam"
809,"United Arab Emirates","23/02/2020",13,2,0,0,34,NA,"UnitedArabEmirates"
810,"France","23/02/2020",12,0,1,0,34,NA,"France"
811,"Macao","23/02/2020",10,0,0,0,34,NA,"China-Macao"
812,"Canada","23/02/2020",9,1,0,0,34,NA,"Canada"
813,"UK","23/02/2020",9,0,0,0,34,NA,"UnitedKingdom"
814,"India","23/02/2020",3,0,0,0,34,NA,"India"
815,"Philippines","23/02/2020",3,0,1,0,34,NA,"Philippines"
816,"Russian Federation","23/02/2020",2,0,0,0,34,NA,"RussianFederation"
817,"Spain","23/02/2020",2,0,0,0,34,NA,"Spain"
818,"Belgium","23/02/2020",1,0,0,0,34,NA,"Belgium"
819,"Cambodia","23/02/2020",1,0,0,0,34,NA,"Cambodia"
820,"Egypt","23/02/2020",1,0,0,0,34,NA,"Egypt"
821,"Finland","23/02/2020",1,0,0,0,34,NA,"Finland"
822,"Israel","23/02/2020",1,0,0,0,34,NA,"Israel"
823,"Lebanon","23/02/2020",1,0,0,0,34,NA,"Lebanon"
824,"Nepal","23/02/2020",1,0,0,0,34,NA,"Nepal"
825,"Sri Lanka","23/02/2020",1,0,0,0,34,NA,"SriLanka"
826,"Sweden","23/02/2020",1,0,0,0,34,NA,"Sweden"
827,"Mainland China","24/02/2020",77150,214,2592,150,35,NA,"China"
828,"Republic of Korea","24/02/2020",763,161,7,2,35,NA,"RepublicofKorea"
829,"International cruise ship (Japan)","24/02/2020",691,57,3,1,35,NA,"InternationalConveyance"
830,"Japan","24/02/2020",144,12,1,0,35,NA,"Japan"
831,"Italy","24/02/2020",124,48,2,0,35,NA,"Italy"
832,"Singapore","24/02/2020",89,0,0,0,35,NA,"Singapore"
833,"Hong Kong","24/02/2020",74,4,2,0,35,NA,"China-HongKongSAR"
834,"Iran (Islamic Republic of)","24/02/2020",43,15,8,3,35,NA,"Iran"
835,"Thailand","24/02/2020",35,0,0,0,35,NA,"Thailand"
836,"USA","24/02/2020",35,0,0,0,35,NA,"UnitedStatesofAmerica"
837,"Taiwan","24/02/2020",28,2,1,0,35,NA,"China-Taipei"
838,"Australia","24/02/2020",22,0,0,0,35,NA,"Australia"
839,"Malaysia","24/02/2020",22,0,0,0,35,NA,"Malaysia"
840,"Germany","24/02/2020",16,0,0,0,35,NA,"Germany"
841,"Vietnam","24/02/2020",16,0,0,0,35,NA,"VietNam"
842,"UK","24/02/2020",13,4,0,0,35,NA,"UnitedKingdom"
843,"United Arab Emirates","24/02/2020",13,0,0,0,35,NA,"UnitedArabEmirates"
844,"France","24/02/2020",12,0,1,0,35,NA,"France"
845,"Macao","24/02/2020",10,0,0,0,35,NA,"China-Macao"
846,"Canada","24/02/2020",9,0,0,0,35,NA,"Canada"
847,"India","24/02/2020",3,0,0,0,35,NA,"India"
848,"Kuwait","24/02/2020",3,3,0,0,35,NA,"Kuwait"
849,"Philippines","24/02/2020",3,0,1,0,35,NA,"Philippines"
850,"Russian Federation","24/02/2020",2,0,0,0,35,NA,"RussianFederation"
851,"Spain","24/02/2020",2,0,0,0,35,NA,"Spain"
852,"Belgium","24/02/2020",1,0,0,0,35,NA,"Belgium"
853,"Cambodia","24/02/2020",1,0,0,0,35,NA,"Cambodia"
854,"Egypt","24/02/2020",1,0,0,0,35,NA,"Egypt"
855,"Finland","24/02/2020",1,0,0,0,35,NA,"Finland"
856,"Israel","24/02/2020",1,0,0,0,35,NA,"Israel"
857,"Lebanon","24/02/2020",1,0,0,0,35,NA,"Lebanon"
858,"Nepal","24/02/2020",1,0,0,0,35,NA,"Nepal"
859,"Sri Lanka","24/02/2020",1,0,0,0,35,NA,"SriLanka"
860,"Sweden","24/02/2020",1,0,0,0,35,NA,"Sweden"
861,"Mainland China","25/02/2020",77658,508,2663,71,36,NA,"China"
862,"Republic of Korea","25/02/2020",977,214,10,3,36,NA,"RepublicofKorea"
863,"International cruise ship (Japan)","25/02/2020",691,0,3,0,36,NA,"InternationalConveyance"
864,"Italy","25/02/2020",229,105,6,4,36,NA,"Italy"
865,"Japan","25/02/2020",157,13,1,0,36,NA,"Japan"
866,"Singapore","25/02/2020",90,1,0,0,36,NA,"Singapore"
867,"Hong Kong","25/02/2020",81,7,2,0,36,NA,"China-HongKongSAR"
868,"Iran (Islamic Republic of)","25/02/2020",61,18,12,4,36,NA,"Iran"
869,"USA","25/02/2020",53,18,0,0,36,NA,"UnitedStatesofAmerica"
870,"Thailand","25/02/2020",37,2,0,0,36,NA,"Thailand"
871,"Taiwan","25/02/2020",31,3,1,0,36,NA,"China-Taipei"
872,"Australia","25/02/2020",22,0,0,0,36,NA,"Australia"
873,"Malaysia","25/02/2020",22,0,0,0,36,NA,"Malaysia"
874,"Germany","25/02/2020",16,0,0,0,36,NA,"Germany"
875,"Vietnam","25/02/2020",16,0,0,0,36,NA,"VietNam"
876,"UK","25/02/2020",13,0,0,0,36,NA,"UnitedKingdom"
877,"United Arab Emirates","25/02/2020",13,0,0,0,36,NA,"UnitedArabEmirates"
878,"France","25/02/2020",12,0,1,0,36,NA,"France"
879,"Canada","25/02/2020",10,1,0,0,36,NA,"Canada"
880,"Macao","25/02/2020",10,0,0,0,36,NA,"China-Macao"
881,"Bahrain","25/02/2020",8,8,0,0,36,NA,"Bahrain"
882,"Kuwait","25/02/2020",8,5,0,0,36,NA,"Kuwait"
883,"India","25/02/2020",3,0,0,0,36,NA,"India"
884,"Philippines","25/02/2020",3,0,1,0,36,NA,"Philippines"
885,"Israel","25/02/2020",2,1,0,0,36,NA,"Israel"
886,"Oman","25/02/2020",2,2,0,0,36,NA,"Oman"
887,"Russian Federation","25/02/2020",2,0,0,0,36,NA,"RussianFederation"
888,"Spain","25/02/2020",2,0,0,0,36,NA,"Spain"
889,"Afghanistan","25/02/2020",1,1,0,0,36,NA,"Afghanistan"
890,"Belgium","25/02/2020",1,0,0,0,36,NA,"Belgium"
891,"Cambodia","25/02/2020",1,0,0,0,36,NA,"Cambodia"
892,"Egypt","25/02/2020",1,0,0,0,36,NA,"Egypt"
893,"Finland","25/02/2020",1,0,0,0,36,NA,"Finland"
894,"Iraq","25/02/2020",1,1,0,0,36,NA,"Iraq"
895,"Lebanon","25/02/2020",1,0,0,0,36,NA,"Lebanon"
896,"Nepal","25/02/2020",1,0,0,0,36,NA,"Nepal"
897,"Sri Lanka","25/02/2020",1,0,0,0,36,NA,"SriLanka"
898,"Sweden","25/02/2020",1,0,0,0,36,NA,"Sweden"
899,"Mainland China","26/02/2020",78064,406,2715,52,37,NA,"China"
900,"Republic of Korea","26/02/2020",1261,284,12,2,37,NA,"RepublicofKorea"
901,"International cruise ship (Japan)","26/02/2020",691,0,3,0,37,NA,"InternationalConveyance"
902,"Italy","26/02/2020",322,93,11,5,37,NA,"Italy"
903,"Japan","26/02/2020",164,7,1,0,37,NA,"Japan"
904,"Iran (Islamic Republic of)","26/02/2020",95,34,15,3,37,NA,"Iran"
905,"Singapore","26/02/2020",91,1,0,0,37,NA,"Singapore"
906,"Hong Kong","26/02/2020",85,4,2,0,37,NA,"China-HongKongSAR"
907,"USA","26/02/2020",53,0,0,0,37,NA,"UnitedStatesofAmerica"
908,"Thailand","26/02/2020",40,3,0,0,37,NA,"Thailand"
909,"Taiwan","26/02/2020",32,1,1,0,37,NA,"China-Taipei"
910,"Bahrain","26/02/2020",26,18,0,0,37,NA,"Bahrain"
911,"Australia","26/02/2020",23,1,0,0,37,NA,"Australia"
912,"Malaysia","26/02/2020",22,0,0,0,37,NA,"Malaysia"
913,"Germany","26/02/2020",18,2,0,0,37,NA,"Germany"
914,"Vietnam","26/02/2020",16,0,0,0,37,NA,"VietNam"
915,"UK","26/02/2020",13,0,0,0,37,NA,"UnitedKingdom"
916,"United Arab Emirates","26/02/2020",13,0,0,0,37,NA,"UnitedArabEmirates"
917,"France","26/02/2020",12,0,1,0,37,NA,"France"
918,"Kuwait","26/02/2020",12,4,0,0,37,NA,"Kuwait"
919,"Canada","26/02/2020",10,0,0,0,37,NA,"Canada"
920,"Macao","26/02/2020",10,0,0,0,37,NA,"China-Macao"
921,"Iraq","26/02/2020",5,4,0,0,37,NA,"Iraq"
922,"Oman","26/02/2020",4,2,0,0,37,NA,"Oman"
923,"India","26/02/2020",3,0,0,0,37,NA,"India"
924,"Philippines","26/02/2020",3,0,1,0,37,NA,"Philippines"
925,"Austria","26/02/2020",2,2,0,0,37,NA,"Austria"
926,"Croatia","26/02/2020",2,2,0,0,37,NA,"Croatia"
927,"Israel","26/02/2020",2,0,0,0,37,NA,"Israel"
928,"Russian Federation","26/02/2020",2,0,0,0,37,NA,"RussianFederation"
929,"Spain","26/02/2020",2,0,0,0,37,NA,"Spain"
930,"Afghanistan","26/02/2020",1,0,0,0,37,NA,"Afghanistan"
931,"Algeria","26/02/2020",1,1,0,0,37,NA,"Algeria"
932,"Belgium","26/02/2020",1,0,0,0,37,NA,"Belgium"
933,"Cambodia","26/02/2020",1,0,0,0,37,NA,"Cambodia"
934,"Egypt","26/02/2020",1,0,0,0,37,NA,"Egypt"
935,"Finland","26/02/2020",1,0,0,0,37,NA,"Finland"
936,"Lebanon","26/02/2020",1,0,0,0,37,NA,"Lebanon"
937,"Nepal","26/02/2020",1,0,0,0,37,NA,"Nepal"
938,"Sri Lanka","26/02/2020",1,0,0,0,37,NA,"SriLanka"
939,"Sweden","26/02/2020",1,0,0,0,37,NA,"Sweden"
940,"Switzerland","26/02/2020",1,1,0,0,37,NA,"Switzerland"
941,"Mainland China","27/02/2020",78497,433,2744,29,38,NA,"China"
942,"Republic of Korea","27/02/2020",1766,505,13,1,38,NA,"RepublicofKorea"
943,"International cruise ship (Japan)","27/02/2020",705,14,4,1,38,NA,"InternationalConveyance"
944,"Italy","27/02/2020",400,78,12,1,38,NA,"Italy"
945,"Japan","27/02/2020",186,22,3,2,38,NA,"Japan"
946,"Iran (Islamic Republic of)","27/02/2020",141,46,22,7,38,NA,"Iran"
947,"Singapore","27/02/2020",93,2,0,0,38,NA,"Singapore"
948,"Hong Kong","27/02/2020",91,6,2,0,38,NA,"China-HongKongSAR"
949,"USA","27/02/2020",59,6,0,0,38,NA,"UnitedStatesofAmerica"
950,"Kuwait","27/02/2020",43,31,0,0,38,NA,"Kuwait"
951,"Thailand","27/02/2020",40,0,0,0,38,NA,"Thailand"
952,"Bahrain","27/02/2020",33,7,0,0,38,NA,"Bahrain"
953,"Taiwan","27/02/2020",32,0,1,0,38,NA,"China-Taipei"
954,"Australia","27/02/2020",23,0,0,0,38,NA,"Australia"
955,"Malaysia","27/02/2020",22,0,0,0,38,NA,"Malaysia"
956,"Germany","27/02/2020",21,3,0,0,38,NA,"Germany"
957,"France","27/02/2020",18,6,2,1,38,NA,"France"
958,"Vietnam","27/02/2020",16,0,0,0,38,NA,"VietNam"
959,"UK","27/02/2020",13,0,0,0,38,NA,"UnitedKingdom"
960,"United Arab Emirates","27/02/2020",13,0,0,0,38,NA,"UnitedArabEmirates"
961,"Spain","27/02/2020",12,10,0,0,38,NA,"Spain"
962,"Canada","27/02/2020",11,1,0,0,38,NA,"Canada"
963,"Macao","27/02/2020",10,0,0,0,38,NA,"China-Macao"
964,"Iraq","27/02/2020",6,1,0,0,38,NA,"Iraq"
965,"Oman","27/02/2020",4,0,0,0,38,NA,"Oman"
966,"Croatia","27/02/2020",3,1,0,0,38,NA,"Croatia"
967,"India","27/02/2020",3,0,0,0,38,NA,"India"
968,"Philippines","27/02/2020",3,0,1,0,38,NA,"Philippines"
969,"Austria","27/02/2020",2,0,0,0,38,NA,"Austria"
970,"Finland","27/02/2020",2,1,0,0,38,NA,"Finland"
971,"Israel","27/02/2020",2,0,0,0,38,NA,"Israel"
972,"Lebanon","27/02/2020",2,1,0,0,38,NA,"Lebanon"
973,"Pakistan","27/02/2020",2,2,0,0,38,NA,"Pakistan"
974,"Russian Federation","27/02/2020",2,0,0,0,38,NA,"RussianFederation"
975,"Sweden","27/02/2020",2,1,0,0,38,NA,"Sweden"
976,"Afghanistan","27/02/2020",1,0,0,0,38,NA,"Afghanistan"
977,"Algeria","27/02/2020",1,0,0,0,38,NA,"Algeria"
978,"Belgium","27/02/2020",1,0,0,0,38,NA,"Belgium"
979,"Brazil","27/02/2020",1,1,0,0,38,NA,"Brazil"
980,"Cambodia","27/02/2020",1,0,0,0,38,NA,"Cambodia"
981,"Denmark","27/02/2020",1,1,0,0,38,NA,"Denmark"
982,"Egypt","27/02/2020",1,0,0,0,38,NA,"Egypt"
983,"Estonia","27/02/2020",1,1,0,0,38,NA,"Estonia"
984,"Georgia","27/02/2020",1,1,0,0,38,NA,"Georgia"
985,"Greece","27/02/2020",1,1,0,0,38,NA,"Greece"
986,"Nepal","27/02/2020",1,0,0,0,38,NA,"Nepal"
987,"North Macedonia","27/02/2020",1,1,0,0,38,NA,"NorthMacedonia"
988,"Norway","27/02/2020",1,1,0,0,38,NA,"Norway"
989,"Romania","27/02/2020",1,1,0,0,38,NA,"Romania"
990,"Sri Lanka","27/02/2020",1,0,0,0,38,NA,"SriLanka"
991,"Switzerland","27/02/2020",1,0,0,0,38,NA,"Switzerland"
992,"Mainland China","28/02/2020",78824,327,2788,44,39,NA,"China"
993,"Republic of Korea","28/02/2020",2337,571,13,0,39,NA,"RepublicofKorea"
994,"International cruise ship (Japan)","28/02/2020",705,0,4,0,39,NA,"InternationalConveyance"
995,"Italy","28/02/2020",650,250,17,5,39,NA,"Italy"
996,"Iran (Islamic Republic of)","28/02/2020",245,104,26,4,39,NA,"Iran"
997,"Japan","28/02/2020",210,24,4,1,39,NA,"Japan"
998,"Singapore","28/02/2020",96,3,0,0,39,NA,"Singapore"
999,"Hong Kong","28/02/2020",93,2,2,0,39,NA,"China-HongKongSAR"
1000,"USA","28/02/2020",59,0,0,0,39,NA,"UnitedStatesofAmerica"
1001,"Kuwait","28/02/2020",43,0,0,0,39,NA,"Kuwait"
1002,"Thailand","28/02/2020",40,0,0,0,39,NA,"Thailand"
1003,"France","28/02/2020",38,20,2,0,39,NA,"France"
1004,"Taiwan","28/02/2020",34,2,1,0,39,NA,"China-Taipei"
1005,"Bahrain","28/02/2020",33,0,0,0,39,NA,"Bahrain"
1006,"Germany","28/02/2020",26,5,0,0,39,NA,"Germany"
1007,"Spain","28/02/2020",25,13,0,0,39,NA,"Spain"
1008,"Malaysia","28/02/2020",24,2,0,0,39,NA,"Malaysia"
1009,"Australia","28/02/2020",23,0,0,0,39,NA,"Australia"
1010,"United Arab Emirates","28/02/2020",19,6,0,0,39,NA,"UnitedArabEmirates"
1011,"UK","28/02/2020",16,3,0,0,39,NA,"UnitedKingdom"
1012,"Vietnam","28/02/2020",16,0,0,0,39,NA,"VietNam"
1013,"Canada","28/02/2020",11,0,0,0,39,NA,"Canada"
1014,"Macao","28/02/2020",10,0,0,0,39,NA,"China-Macao"
1015,"Iraq","28/02/2020",7,1,0,0,39,NA,"Iraq"
1016,"Sweden","28/02/2020",7,5,0,0,39,NA,"Sweden"
1017,"Oman","28/02/2020",6,2,0,0,39,NA,"Oman"
1018,"Switzerland","28/02/2020",6,5,0,0,39,NA,"Switzerland"
1019,"Austria","28/02/2020",4,2,0,0,39,NA,"Austria"
1020,"Norway","28/02/2020",4,3,0,0,39,NA,"Norway"
1021,"Croatia","28/02/2020",3,0,0,0,39,NA,"Croatia"
1022,"Greece","28/02/2020",3,2,0,0,39,NA,"Greece"
1023,"India","28/02/2020",3,0,0,0,39,NA,"India"
1024,"Israel","28/02/2020",3,1,0,0,39,NA,"Israel"
1025,"Philippines","28/02/2020",3,0,1,0,39,NA,"Philippines"
1026,"Finland","28/02/2020",2,0,0,0,39,NA,"Finland"
1027,"Lebanon","28/02/2020",2,0,0,0,39,NA,"Lebanon"
1028,"Pakistan","28/02/2020",2,0,0,0,39,NA,"Pakistan"
1029,"Russian Federation","28/02/2020",2,0,0,0,39,NA,"RussianFederation"
1030,"Afghanistan","28/02/2020",1,0,0,0,39,NA,"Afghanistan"
1031,"Algeria","28/02/2020",1,0,0,0,39,NA,"Algeria"
1032,"Belarus","28/02/2020",1,1,0,0,39,NA,"Belarus"
1033,"Belgium","28/02/2020",1,0,0,0,39,NA,"Belgium"
1034,"Brazil","28/02/2020",1,0,0,0,39,NA,"Brazil"
1035,"Cambodia","28/02/2020",1,0,0,0,39,NA,"Cambodia"
1036,"Denmark","28/02/2020",1,0,0,0,39,NA,"Denmark"
1037,"Egypt","28/02/2020",1,0,0,0,39,NA,"Egypt"
1038,"Estonia","28/02/2020",1,0,0,0,39,NA,"Estonia"
1039,"Georgia","28/02/2020",1,0,0,0,39,NA,"Georgia"
1040,"Lithuania","28/02/2020",1,1,0,0,39,NA,"Lithuania"
1041,"Nepal","28/02/2020",1,0,0,0,39,NA,"Nepal"
1042,"Netherlands","28/02/2020",1,1,0,0,39,NA,"Netherlands"
1043,"New Zealand","28/02/2020",1,1,0,0,39,NA,"NewZealand"
1044,"Nigeria","28/02/2020",1,1,0,0,39,NA,"Nigeria"
1045,"North Macedonia","28/02/2020",1,0,0,0,39,NA,"NorthMacedonia"
1046,"Romania","28/02/2020",1,0,0,0,39,NA,"Romania"
1047,"Sri Lanka","28/02/2020",1,0,0,0,39,NA,"SriLanka"
1048,"Mainland China","29/02/2020",79251,427,2835,47,40,NA,"China"
1049,"Republic of Korea","29/02/2020",3150,813,17,4,40,NA,"RepublicofKorea"
1050,"Italy","29/02/2020",888,238,21,4,40,NA,"Italy"
1051,"International cruise ship (Japan)","29/02/2020",705,0,6,2,40,NA,"InternationalConveyance"
1052,"Iran (Islamic Republic of)","29/02/2020",388,143,34,8,40,NA,"Iran"
1053,"Japan","29/02/2020",230,20,5,1,40,NA,"Japan"
1054,"Singapore","29/02/2020",98,2,0,0,40,NA,"Singapore"
1055,"Hong Kong","29/02/2020",94,1,2,0,40,NA,"China-HongKongSAR"
1056,"USA","29/02/2020",62,3,0,0,40,NA,"UnitedStatesofAmerica"
1057,"France","29/02/2020",57,19,2,0,40,NA,"France"
1058,"Germany","29/02/2020",57,31,0,0,40,NA,"Germany"
1059,"Kuwait","29/02/2020",45,2,0,0,40,NA,"Kuwait"
1060,"Thailand","29/02/2020",42,2,0,0,40,NA,"Thailand"
1061,"Taiwan","29/02/2020",39,5,1,0,40,NA,"China-Taipei"
1062,"Bahrain","29/02/2020",38,5,0,0,40,NA,"Bahrain"
1063,"Spain","29/02/2020",32,7,0,0,40,NA,"Spain"
1064,"Australia","29/02/2020",24,1,0,0,40,NA,"Australia"
1065,"Malaysia","29/02/2020",24,0,0,0,40,NA,"Malaysia"
1066,"UK","29/02/2020",20,4,0,0,40,NA,"UnitedKingdom"
1067,"United Arab Emirates","29/02/2020",19,0,0,0,40,NA,"UnitedArabEmirates"
1068,"Vietnam","29/02/2020",16,0,0,0,40,NA,"VietNam"
1069,"Canada","29/02/2020",14,3,0,0,40,NA,"Canada"
1070,"Sweden","29/02/2020",12,5,0,0,40,NA,"Sweden"
1071,"Macao","29/02/2020",10,0,0,0,40,NA,"China-Macao"
1072,"Switzerland","29/02/2020",10,4,0,0,40,NA,"Switzerland"
1073,"Iraq","29/02/2020",8,1,0,0,40,NA,"Iraq"
1074,"Norway","29/02/2020",6,2,0,0,40,NA,"Norway"
1075,"Oman","29/02/2020",6,0,0,0,40,NA,"Oman"
1076,"Austria","29/02/2020",5,1,0,0,40,NA,"Austria"
1077,"Croatia","29/02/2020",5,2,0,0,40,NA,"Croatia"
1078,"Israel","29/02/2020",5,2,0,0,40,NA,"Israel"
1079,"Greece","29/02/2020",3,0,0,0,40,NA,"Greece"
1080,"India","29/02/2020",3,0,0,0,40,NA,"India"
1081,"Philippines","29/02/2020",3,0,1,0,40,NA,"Philippines"
1082,"Romania","29/02/2020",3,2,0,0,40,NA,"Romania"
1083,"Denmark","29/02/2020",2,1,0,0,40,NA,"Denmark"
1084,"Finland","29/02/2020",2,0,0,0,40,NA,"Finland"
1085,"Georgia","29/02/2020",2,1,0,0,40,NA,"Georgia"
1086,"Lebanon","29/02/2020",2,0,0,0,40,NA,"Lebanon"
1087,"Mexico","29/02/2020",2,2,0,0,40,NA,"Mexico"
1088,"Netherlands","29/02/2020",2,1,0,0,40,NA,"Netherlands"
1089,"Pakistan","29/02/2020",2,0,0,0,40,NA,"Pakistan"
1090,"Russian Federation","29/02/2020",2,0,0,0,40,NA,"RussianFederation"
1091,"Afghanistan","29/02/2020",1,0,0,0,40,NA,"Afghanistan"
1092,"Algeria","29/02/2020",1,0,0,0,40,NA,"Algeria"
1093,"Belarus","29/02/2020",1,0,0,0,40,NA,"Belarus"
1094,"Belgium","29/02/2020",1,0,0,0,40,NA,"Belgium"
1095,"Brazil","29/02/2020",1,0,0,0,40,NA,"Brazil"
1096,"Cambodia","29/02/2020",1,0,0,0,40,NA,"Cambodia"
1097,"Egypt","29/02/2020",1,0,0,0,40,NA,"Egypt"
1098,"Estonia","29/02/2020",1,0,0,0,40,NA,"Estonia"
1099,"Lithuania","29/02/2020",1,0,0,0,40,NA,"Lithuania"
1100,"Nepal","29/02/2020",1,0,0,0,40,NA,"Nepal"
1101,"New Zealand","29/02/2020",1,0,0,0,40,NA,"NewZealand"
1102,"Nigeria","29/02/2020",1,0,0,0,40,NA,"Nigeria"
1103,"North Macedonia","29/02/2020",1,0,0,0,40,NA,"NorthMacedonia"
1104,"San Marino","29/02/2020",1,1,0,0,40,NA,"SanMarino"
1105,"Sri Lanka","29/02/2020",1,0,0,0,40,NA,"SriLanka"
1106,"Mainland China","01/03/2020",79824,573,2870,35,41,NA,"China"
1107,"Republic of Korea","01/03/2020",3736,586,18,1,41,NA,"RepublicofKorea"
1108,"Italy","01/03/2020",1128,240,29,8,41,NA,"Italy"
1109,"International cruise ship (Japan)","01/03/2020",705,0,6,0,41,NA,"InternationalConveyance"
1110,"Iran (Islamic Republic of)","01/03/2020",593,205,43,9,41,NA,"Iran"
1111,"Japan","01/03/2020",239,9,5,0,41,NA,"Japan"
1112,"Singapore","01/03/2020",102,4,0,0,41,NA,"Singapore"
1113,"France","01/03/2020",100,43,2,0,41,NA,"France"
1114,"Hong Kong","01/03/2020",95,1,2,0,41,NA,"China-HongKongSAR"
1115,"USA","01/03/2020",62,0,0,0,41,NA,"UnitedStatesofAmerica"
1116,"Germany","01/03/2020",57,0,0,0,41,NA,"Germany"
1117,"Kuwait","01/03/2020",45,0,0,0,41,NA,"Kuwait"
1118,"Spain","01/03/2020",45,13,0,0,41,NA,"Spain"
1119,"Thailand","01/03/2020",42,0,0,0,41,NA,"Thailand"
1120,"Bahrain","01/03/2020",40,2,0,0,41,NA,"Bahrain"
1121,"Taiwan","01/03/2020",39,0,1,0,41,NA,"China-Taipei"
1122,"Australia","01/03/2020",25,1,0,0,41,NA,"Australia"
1123,"Malaysia","01/03/2020",24,0,0,0,41,NA,"Malaysia"
1124,"UK","01/03/2020",23,3,0,0,41,NA,"UnitedKingdom"
1125,"Canada","01/03/2020",19,5,0,0,41,NA,"Canada"
1126,"United Arab Emirates","01/03/2020",19,0,0,0,41,NA,"UnitedArabEmirates"
1127,"Switzerland","01/03/2020",18,8,0,0,41,NA,"Switzerland"
1128,"Vietnam","01/03/2020",16,0,0,0,41,NA,"VietNam"
1129,"Norway","01/03/2020",15,9,0,0,41,NA,"Norway"
1130,"Iraq","01/03/2020",13,5,0,0,41,NA,"Iraq"
1131,"Sweden","01/03/2020",13,1,0,0,41,NA,"Sweden"
1132,"Austria","01/03/2020",10,5,0,0,41,NA,"Austria"
1133,"Macao","01/03/2020",10,0,0,0,41,NA,"China-Macao"
1134,"Lebanon","01/03/2020",9,0,0,0,41,NA,"Lebanon"
1135,"Croatia","01/03/2020",7,2,0,0,41,NA,"Croatia"
1136,"Israel","01/03/2020",7,2,0,0,41,NA,"Israel"
1137,"Netherlands","01/03/2020",7,5,0,0,41,NA,"Netherlands"
1138,"Oman","01/03/2020",6,0,0,0,41,NA,"Oman"
1139,"Pakistan","01/03/2020",4,2,0,0,41,NA,"Pakistan"
1140,"Azerbaijan","01/03/2020",3,3,0,0,41,NA,"Azerbaijan"
1141,"Denmark","01/03/2020",3,1,0,0,41,NA,"Denmark"
1142,"Georgia","01/03/2020",3,1,0,0,41,NA,"Georgia"
1143,"Greece","01/03/2020",3,0,0,0,41,NA,"Greece"
1144,"India","01/03/2020",3,0,0,0,41,NA,"India"
1145,"Philippines","01/03/2020",3,0,1,0,41,NA,"Philippines"
1146,"Romania","01/03/2020",3,0,0,0,41,NA,"Romania"
1147,"Brazil","01/03/2020",2,1,0,0,41,NA,"Brazil"
1148,"Finland","01/03/2020",2,0,0,0,41,NA,"Finland"
1149,"Mexico","01/03/2020",2,0,0,0,41,NA,"Mexico"
1150,"Russian Federation","01/03/2020",2,0,0,0,41,NA,"RussianFederation"
1151,"Afghanistan","01/03/2020",1,0,0,0,41,NA,"Afghanistan"
1152,"Algeria","01/03/2020",1,0,0,0,41,NA,"Algeria"
1153,"Belarus","01/03/2020",1,0,0,0,41,NA,"Belarus"
1154,"Belgium","01/03/2020",1,0,0,0,41,NA,"Belgium"
1155,"Cambodia","01/03/2020",1,0,0,0,41,NA,"Cambodia"
1156,"Ecuador","01/03/2020",1,1,0,0,41,NA,"Ecuador"
1157,"Egypt","01/03/2020",1,0,0,0,41,NA,"Egypt"
1158,"Estonia","01/03/2020",1,0,0,0,41,NA,"Estonia"
1159,"Ireland","01/03/2020",1,1,0,0,41,NA,"Ireland"
1160,"Lithuania","01/03/2020",1,0,0,0,41,NA,"Lithuania"
1161,"Monaco","01/03/2020",1,1,0,0,41,NA,"Monaco"
1162,"Nepal","01/03/2020",1,0,0,0,41,NA,"Nepal"
1163,"New Zealand","01/03/2020",1,0,0,0,41,NA,"NewZealand"
1164,"Nigeria","01/03/2020",1,0,0,0,41,NA,"Nigeria"
1165,"North Macedonia","01/03/2020",1,0,0,0,41,NA,"NorthMacedonia"
1166,"Qatar","01/03/2020",1,1,0,0,41,NA,"Qatar"
1167,"San Marino","01/03/2020",1,0,0,0,41,NA,"SanMarino"
1168,"Sri Lanka","01/03/2020",1,0,0,0,41,NA,"SriLanka"
1169,"Mainland China","02/03/2020",80026,202,2912,42,42,NA,"China"
1170,"Republic of Korea","02/03/2020",4212,476,22,4,42,NA,"RepublicofKorea"
1171,"Italy","02/03/2020",1689,561,35,6,42,NA,"Italy"
1172,"Iran (Islamic Republic of)","02/03/2020",978,385,54,11,42,NA,"Iran"
1173,"International cruise ship (Japan)","02/03/2020",706,1,6,0,42,NA,"InternationalConveyance"
1174,"Japan","02/03/2020",254,15,6,1,42,NA,"Japan"
1175,"Germany","02/03/2020",129,72,0,0,42,NA,"Germany"
1176,"Singapore","02/03/2020",106,4,0,0,42,NA,"Singapore"
1177,"France","02/03/2020",100,0,2,0,42,NA,"France"
1178,"Hong Kong","02/03/2020",98,3,2,0,42,NA,"China-HongKongSAR"
1179,"USA","02/03/2020",62,0,0,0,42,NA,"UnitedStatesofAmerica"
1180,"Kuwait","02/03/2020",56,11,0,0,42,NA,"Kuwait"
1181,"Bahrain","02/03/2020",47,7,0,0,42,NA,"Bahrain"
1182,"Spain","02/03/2020",45,0,0,0,42,NA,"Spain"
1183,"Thailand","02/03/2020",42,0,1,1,42,NA,"Thailand"
1184,"Taiwan","02/03/2020",40,1,1,0,42,NA,"China-Taipei"
1185,"UK","02/03/2020",36,13,0,0,42,NA,"UnitedKingdom"
1186,"Australia","02/03/2020",27,2,1,1,42,NA,"Australia"
1187,"Malaysia","02/03/2020",24,0,0,0,42,NA,"Malaysia"
1188,"Switzerland","02/03/2020",24,6,0,0,42,NA,"Switzerland"
1189,"United Arab Emirates","02/03/2020",21,2,0,0,42,NA,"UnitedArabEmirates"
1190,"Canada","02/03/2020",19,0,0,0,42,NA,"Canada"
1191,"Iraq","02/03/2020",19,6,0,0,42,NA,"Iraq"
1192,"Norway","02/03/2020",19,4,0,0,42,NA,"Norway"
1193,"Vietnam","02/03/2020",16,0,0,0,42,NA,"VietNam"
1194,"Sweden","02/03/2020",14,1,0,0,42,NA,"Sweden"
1195,"Netherlands","02/03/2020",13,6,0,0,42,NA,"Netherlands"
1196,"Austria","02/03/2020",10,0,0,0,42,NA,"Austria"
1197,"Lebanon","02/03/2020",10,1,0,0,42,NA,"Lebanon"
1198,"Macao","02/03/2020",10,0,0,0,42,NA,"China-Macao"
1199,"Croatia","02/03/2020",7,0,0,0,42,NA,"Croatia"
1200,"Greece","02/03/2020",7,4,0,0,42,NA,"Greece"
1201,"Israel","02/03/2020",7,0,0,0,42,NA,"Israel"
1202,"Finland","02/03/2020",6,4,0,0,42,NA,"Finland"
1203,"Oman","02/03/2020",6,0,0,0,42,NA,"Oman"
1204,"Mexico","02/03/2020",5,3,0,0,42,NA,"Mexico"
1205,"Denmark","02/03/2020",4,1,0,0,42,NA,"Denmark"
1206,"Pakistan","02/03/2020",4,0,0,0,42,NA,"Pakistan"
1207,"Azerbaijan","02/03/2020",3,0,0,0,42,NA,"Azerbaijan"
1208,"Czech Republic","02/03/2020",3,3,0,0,42,NA,"Czechia"
1209,"Georgia","02/03/2020",3,0,0,0,42,NA,"Georgia"
1210,"India","02/03/2020",3,0,0,0,42,NA,"India"
1211,"Philippines","02/03/2020",3,0,1,0,42,NA,"Philippines"
1212,"Qatar","02/03/2020",3,2,0,0,42,NA,"Qatar"
1213,"Romania","02/03/2020",3,0,0,0,42,NA,"Romania"
1214,"Brazil","02/03/2020",2,0,0,0,42,NA,"Brazil"
1215,"Egypt","02/03/2020",2,1,0,0,42,NA,"Egypt"
1216,"Iceland","02/03/2020",2,2,0,0,42,NA,"Iceland"
1217,"Indonesia","02/03/2020",2,2,0,0,42,NA,"Indonesia"
1218,"Russian Federation","02/03/2020",2,0,0,0,42,NA,"RussianFederation"
1219,"Afghanistan","02/03/2020",1,0,0,0,42,NA,"Afghanistan"
1220,"Algeria","02/03/2020",1,0,0,0,42,NA,"Algeria"
1221,"Armenia","02/03/2020",1,1,0,0,42,NA,"Armenia"
1222,"Belarus","02/03/2020",1,0,0,0,42,NA,"Belarus"
1223,"Belgium","02/03/2020",1,0,0,0,42,NA,"Belgium"
1224,"Cambodia","02/03/2020",1,0,0,0,42,NA,"Cambodia"
1225,"Dominican Republic","02/03/2020",1,1,0,0,42,NA,"DominicanRepublic"
1226,"Ecuador","02/03/2020",1,0,0,0,42,NA,"Ecuador"
1227,"Estonia","02/03/2020",1,0,0,0,42,NA,"Estonia"
1228,"Ireland","02/03/2020",1,0,0,0,42,NA,"Ireland"
1229,"Lithuania","02/03/2020",1,0,0,0,42,NA,"Lithuania"
1230,"Luxembourg","02/03/2020",1,1,0,0,42,NA,"Luxembourg"
1231,"Monaco","02/03/2020",1,0,0,0,42,NA,"Monaco"
1232,"Nepal","02/03/2020",1,0,0,0,42,NA,"Nepal"
1233,"New Zealand","02/03/2020",1,0,0,0,42,NA,"NewZealand"
1234,"Nigeria","02/03/2020",1,0,0,0,42,NA,"Nigeria"
1235,"North Macedonia","02/03/2020",1,0,0,0,42,NA,"NorthMacedonia"
1236,"San Marino","02/03/2020",1,0,0,0,42,NA,"SanMarino"
1237,"Sri Lanka","02/03/2020",1,0,0,0,42,NA,"SriLanka"
1238,"Mainland China","03/03/2020",80151,125,2943,31,43,NA,"China"
1239,"Republic of Korea","03/03/2020",4812,600,28,6,43,NA,"RepublicofKorea"
1240,"Italy","03/03/2020",2036,347,52,17,43,NA,"Italy"
1241,"Iran (Islamic Republic of)","03/03/2020",1501,523,66,12,43,NA,"Iran"
1242,"International cruise ship (Japan)","03/03/2020",706,0,6,0,43,NA,"InternationalConveyance"
1243,"Japan","03/03/2020",268,14,6,0,43,NA,"Japan"
1244,"France","03/03/2020",191,91,3,1,43,NA,"France"
1245,"Germany","03/03/2020",157,28,0,0,43,NA,"Germany"
1246,"Spain","03/03/2020",114,69,0,0,43,NA,"Spain"
1247,"Singapore","03/03/2020",108,2,0,0,43,NA,"Singapore"
1248,"Hong Kong","03/03/2020",101,3,2,0,43,NA,"China-HongKongSAR"
1249,"USA","03/03/2020",64,2,2,2,43,NA,"UnitedStatesofAmerica"
1250,"Kuwait","03/03/2020",56,0,0,0,43,NA,"Kuwait"
1251,"Bahrain","03/03/2020",49,2,0,0,43,NA,"Bahrain"
1252,"Thailand","03/03/2020",43,1,1,0,43,NA,"Thailand"
1253,"Taiwan","03/03/2020",42,2,1,0,43,NA,"China-Taipei"
1254,"UK","03/03/2020",39,3,0,0,43,NA,"UnitedKingdom"
1255,"Australia","03/03/2020",33,6,1,0,43,NA,"Australia"
1256,"Switzerland","03/03/2020",30,6,0,0,43,NA,"Switzerland"
1257,"Malaysia","03/03/2020",29,5,0,0,43,NA,"Malaysia"
1258,"Canada","03/03/2020",27,8,0,0,43,NA,"Canada"
1259,"Iraq","03/03/2020",26,7,0,0,43,NA,"Iraq"
1260,"Norway","03/03/2020",25,6,0,0,43,NA,"Norway"
1261,"United Arab Emirates","03/03/2020",21,0,0,0,43,NA,"UnitedArabEmirates"
1262,"Austria","03/03/2020",18,8,0,0,43,NA,"Austria"
1263,"Netherlands","03/03/2020",18,5,0,0,43,NA,"Netherlands"
1264,"Vietnam","03/03/2020",16,0,0,0,43,NA,"VietNam"
1265,"Sweden","03/03/2020",15,1,0,0,43,NA,"Sweden"
1266,"Lebanon","03/03/2020",13,3,0,0,43,NA,"Lebanon"
1267,"Israel","03/03/2020",10,3,0,0,43,NA,"Israel"
1268,"Macao","03/03/2020",10,0,0,0,43,NA,"China-Macao"
1269,"Croatia","03/03/2020",9,2,0,0,43,NA,"Croatia"
1270,"Iceland","03/03/2020",9,7,0,0,43,NA,"Iceland"
1271,"Belgium","03/03/2020",8,7,0,0,43,NA,"Belgium"
1272,"San Marino","03/03/2020",8,7,0,0,43,NA,"SanMarino"
1273,"Finland","03/03/2020",7,1,0,0,43,NA,"Finland"
1274,"Greece","03/03/2020",7,0,0,0,43,NA,"Greece"
1275,"Qatar","03/03/2020",7,4,0,0,43,NA,"Qatar"
1276,"Ecuador","03/03/2020",6,5,0,0,43,NA,"Ecuador"
1277,"Oman","03/03/2020",6,0,0,0,43,NA,"Oman"
1278,"Algeria","03/03/2020",5,4,0,0,43,NA,"Algeria"
1279,"Denmark","03/03/2020",5,1,0,0,43,NA,"Denmark"
1280,"India","03/03/2020",5,2,0,0,43,NA,"India"
1281,"Mexico","03/03/2020",5,0,0,0,43,NA,"Mexico"
1282,"Pakistan","03/03/2020",5,1,0,0,43,NA,"Pakistan"
1283,"Azerbaijan","03/03/2020",3,0,0,0,43,NA,"Azerbaijan"
1284,"Czech Republic","03/03/2020",3,0,0,0,43,NA,"Czechia"
1285,"Georgia","03/03/2020",3,0,0,0,43,NA,"Georgia"
1286,"Philippines","03/03/2020",3,0,1,0,43,NA,"Philippines"
1287,"Romania","03/03/2020",3,0,0,0,43,NA,"Romania"
1288,"Russian Federation","03/03/2020",3,1,0,0,43,NA,"RussianFederation"
1289,"Brazil","03/03/2020",2,0,0,0,43,NA,"Brazil"
1290,"Egypt","03/03/2020",2,0,0,0,43,NA,"Egypt"
1291,"Indonesia","03/03/2020",2,0,0,0,43,NA,"Indonesia"
1292,"New Zealand","03/03/2020",2,1,0,0,43,NA,"NewZealand"
1293,"Portugal","03/03/2020",2,2,0,0,43,NA,"Portugal"
1294,"Afghanistan","03/03/2020",1,0,0,0,43,NA,"Afghanistan"
1295,"Andorra","03/03/2020",1,1,0,0,43,NA,"Andorra"
1296,"Armenia","03/03/2020",1,0,0,0,43,NA,"Armenia"
1297,"Belarus","03/03/2020",1,0,0,0,43,NA,"Belarus"
1298,"Cambodia","03/03/2020",1,0,0,0,43,NA,"Cambodia"
1299,"Dominican Republic","03/03/2020",1,0,0,0,43,NA,"DominicanRepublic"
1300,"Estonia","03/03/2020",1,0,0,0,43,NA,"Estonia"
1301,"Ireland","03/03/2020",1,0,0,0,43,NA,"Ireland"
1302,"Jordan","03/03/2020",1,1,0,0,43,NA,"Jordan"
1303,"Latvia","03/03/2020",1,1,0,0,43,NA,"Latvia"
1304,"Lithuania","03/03/2020",1,0,0,0,43,NA,"Lithuania"
1305,"Luxembourg","03/03/2020",1,0,0,0,43,NA,"Luxembourg"
1306,"Monaco","03/03/2020",1,0,0,0,43,NA,"Monaco"
1307,"Morocco","03/03/2020",1,1,0,0,43,NA,"Morocco"
1308,"Nepal","03/03/2020",1,0,0,0,43,NA,"Nepal"
1309,"Nigeria","03/03/2020",1,0,0,0,43,NA,"Nigeria"
1310,"North Macedonia","03/03/2020",1,0,0,0,43,NA,"NorthMacedonia"
1311,"Saudi Arabia","03/03/2020",1,1,0,0,43,NA,"SaudiArabia"
1312,"Senegal","03/03/2020",1,1,0,0,43,NA,"Senegal"
1313,"Sri Lanka","03/03/2020",1,0,0,0,43,NA,"SriLanka"
1314,"Tunisia","03/03/2020",1,1,0,0,43,NA,"Tunisia"
1315,"Mainland China","04/03/2020",80270,119,2981,38,44,NA,"China"
1316,"Republic of Korea","04/03/2020",5328,516,32,4,44,NA,"RepublicofKorea"
1317,"Italy","04/03/2020",2502,466,80,28,44,NA,"Italy"
1318,"Iran (Islamic Republic of)","04/03/2020",2336,835,77,11,44,NA,"Iran"
1319,"International cruise ship (Japan)","04/03/2020",706,0,6,0,44,NA,"InternationalConveyance"
1320,"Japan","04/03/2020",284,16,6,0,44,NA,"Japan"
1321,"France","04/03/2020",212,21,4,1,44,NA,"France"
1322,"Germany","04/03/2020",196,39,0,0,44,NA,"Germany"
1323,"Spain","04/03/2020",151,37,0,0,44,NA,"Spain"
1324,"Singapore","04/03/2020",110,2,0,0,44,NA,"Singapore"
1325,"USA","04/03/2020",108,44,6,4,44,NA,"UnitedStatesofAmerica"
1326,"Hong Kong","04/03/2020",100,-1,2,0,44,NA,"China-HongKongSAR"
1327,"Kuwait","04/03/2020",56,0,0,0,44,NA,"Kuwait"
1328,"UK","04/03/2020",51,12,0,0,44,NA,"UnitedKingdom"
1329,"Malaysia","04/03/2020",50,21,0,0,44,NA,"Malaysia"
1330,"Bahrain","04/03/2020",49,0,0,0,44,NA,"Bahrain"
1331,"Australia","04/03/2020",43,10,1,0,44,NA,"Australia"
1332,"Thailand","04/03/2020",43,0,1,0,44,NA,"Thailand"
1333,"Taiwan","04/03/2020",42,0,1,0,44,NA,"China-Taipei"
1334,"Switzerland","04/03/2020",37,7,0,0,44,NA,"Switzerland"
1335,"Norway","04/03/2020",32,7,0,0,44,NA,"Norway"
1336,"Iraq","04/03/2020",31,5,0,0,44,NA,"Iraq"
1337,"Canada","04/03/2020",30,3,0,0,44,NA,"Canada"
1338,"Netherlands","04/03/2020",28,10,0,0,44,NA,"Netherlands"
1339,"United Arab Emirates","04/03/2020",27,6,0,0,44,NA,"UnitedArabEmirates"
1340,"Austria","04/03/2020",24,6,0,0,44,NA,"Austria"
1341,"Sweden","04/03/2020",24,9,0,0,44,NA,"Sweden"
1342,"Iceland","04/03/2020",16,7,0,0,44,NA,"Iceland"
1343,"Vietnam","04/03/2020",16,0,0,0,44,NA,"VietNam"
1344,"Lebanon","04/03/2020",13,0,0,0,44,NA,"Lebanon"
1345,"Israel","04/03/2020",12,2,0,0,44,NA,"Israel"
1346,"Oman","04/03/2020",12,6,0,0,44,NA,"Oman"
1347,"Macao","04/03/2020",10,0,0,0,44,NA,"China-Macao"
1348,"Croatia","04/03/2020",9,0,0,0,44,NA,"Croatia"
1349,"Belgium","04/03/2020",8,0,0,0,44,NA,"Belgium"
1350,"Denmark","04/03/2020",8,3,0,0,44,NA,"Denmark"
1351,"Qatar","04/03/2020",8,1,0,0,44,NA,"Qatar"
1352,"San Marino","04/03/2020",8,0,0,0,44,NA,"SanMarino"
1353,"Ecuador","04/03/2020",7,1,0,0,44,NA,"Ecuador"
1354,"Finland","04/03/2020",7,0,0,0,44,NA,"Finland"
1355,"Greece","04/03/2020",7,0,0,0,44,NA,"Greece"
1356,"India","04/03/2020",6,1,0,0,44,NA,"India"
1357,"Algeria","04/03/2020",5,0,0,0,44,NA,"Algeria"
1358,"Czech Republic","04/03/2020",5,2,0,0,44,NA,"Czechia"
1359,"Mexico","04/03/2020",5,0,0,0,44,NA,"Mexico"
1360,"Pakistan","04/03/2020",5,0,0,0,44,NA,"Pakistan"
1361,"Romania","04/03/2020",4,1,0,0,44,NA,"Romania"
1362,"Azerbaijan","04/03/2020",3,0,0,0,44,NA,"Azerbaijan"
1363,"Georgia","04/03/2020",3,0,0,0,44,NA,"Georgia"
1364,"Philippines","04/03/2020",3,0,1,0,44,NA,"Philippines"
1365,"Russian Federation","04/03/2020",3,0,0,0,44,NA,"RussianFederation"
1366,"Brazil","04/03/2020",2,0,0,0,44,NA,"Brazil"
1367,"Egypt","04/03/2020",2,0,0,0,44,NA,"Egypt"
1368,"Estonia","04/03/2020",2,1,0,0,44,NA,"Estonia"
1369,"Indonesia","04/03/2020",2,0,0,0,44,NA,"Indonesia"
1370,"Ireland","04/03/2020",2,1,0,0,44,NA,"Ireland"
1371,"New Zealand","04/03/2020",2,0,0,0,44,NA,"NewZealand"
1372,"Portugal","04/03/2020",2,0,0,0,44,NA,"Portugal"
1373,"Afghanistan","04/03/2020",1,0,0,0,44,NA,"Afghanistan"
1374,"Andorra","04/03/2020",1,0,0,0,44,NA,"Andorra"
1375,"Argentina","04/03/2020",1,1,0,0,44,NA,"Argentina"
1376,"Armenia","04/03/2020",1,0,0,0,44,NA,"Armenia"
1377,"Belarus","04/03/2020",1,0,0,0,44,NA,"Belarus"
1378,"Cambodia","04/03/2020",1,0,0,0,44,NA,"Cambodia"
1379,"Chile","04/03/2020",1,1,0,0,44,NA,"Chile"
1380,"Dominican Republic","04/03/2020",1,0,0,0,44,NA,"DominicanRepublic"
1381,"Jordan","04/03/2020",1,0,0,0,44,NA,"Jordan"
1382,"Latvia","04/03/2020",1,0,0,0,44,NA,"Latvia"
1383,"Lithuania","04/03/2020",1,0,0,0,44,NA,"Lithuania"
1384,"Luxembourg","04/03/2020",1,0,0,0,44,NA,"Luxembourg"
1385,"Monaco","04/03/2020",1,0,0,0,44,NA,"Monaco"
1386,"Morocco","04/03/2020",1,0,0,0,44,NA,"Morocco"
1387,"Nepal","04/03/2020",1,0,0,0,44,NA,"Nepal"
1388,"Nigeria","04/03/2020",1,0,0,0,44,NA,"Nigeria"
1389,"North Macedonia","04/03/2020",1,0,0,0,44,NA,"NorthMacedonia"
1390,"Poland","04/03/2020",1,1,0,0,44,NA,"Poland"
1391,"Saudi Arabia","04/03/2020",1,0,0,0,44,NA,"SaudiArabia"
1392,"Senegal","04/03/2020",1,0,0,0,44,NA,"Senegal"
1393,"Sri Lanka","04/03/2020",1,0,0,0,44,NA,"SriLanka"
1394,"Tunisia","04/03/2020",1,0,0,0,44,NA,"Tunisia"
1395,"Ukraine","04/03/2020",1,1,0,0,44,NA,"Ukraine"
1396,"Mainland China","05/03/2020",80409,139,3012,31,45,NA,"China"
1397,"Republic of Korea","05/03/2020",5766,438,35,3,45,NA,"RepublicofKorea"
1398,"Italy","05/03/2020",3089,587,107,27,45,NA,"Italy"
1399,"Iran (Islamic Republic of)","05/03/2020",2922,586,92,15,45,NA,"Iran"
1400,"International cruise ship (Japan)","05/03/2020",706,0,6,0,45,NA,"InternationalConveyance"
1401,"Japan","05/03/2020",317,33,6,0,45,NA,"Japan"
1402,"France","05/03/2020",282,70,4,0,45,NA,"France"
1403,"Germany","05/03/2020",262,66,0,0,45,NA,"Germany"
1404,"Spain","05/03/2020",198,47,1,1,45,NA,"Spain"
1406,"USA","05/03/2020",129,21,9,3,45,NA,"UnitedStatesofAmerica"
1405,"Singapore","05/03/2020",110,0,0,0,45,NA,"Singapore"
1407,"Hong Kong","05/03/2020",104,4,2,0,45,NA,"China-HongKongSAR"
1409,"UK","05/03/2020",89,38,0,0,45,NA,"UnitedKingdom"
1412,"Australia","05/03/2020",66,23,3,2,45,NA,"Australia"
1408,"Kuwait","05/03/2020",58,2,0,0,45,NA,"Kuwait"
1416,"Norway","05/03/2020",56,24,0,0,45,NA,"Norway"
1415,"Switzerland","05/03/2020",56,19,0,0,45,NA,"Switzerland"
1410,"Malaysia","05/03/2020",50,0,0,0,45,NA,"Malaysia"
1411,"Bahrain","05/03/2020",49,0,0,0,45,NA,"Bahrain"
1413,"Thailand","05/03/2020",47,4,1,0,45,NA,"Thailand"
1414,"Taiwan","05/03/2020",42,0,1,0,45,NA,"China-Taipei"
1419,"Netherlands","05/03/2020",38,10,0,0,45,NA,"Netherlands"
1421,"Austria","05/03/2020",37,13,0,0,45,NA,"Austria"
1417,"Iraq","05/03/2020",36,5,2,2,45,NA,"Iraq"
1422,"Sweden","05/03/2020",35,11,0,0,45,NA,"Sweden"
1418,"Canada","05/03/2020",30,0,0,0,45,NA,"Canada"
1437,"India","05/03/2020",29,23,0,0,45,NA,"India"
1420,"United Arab Emirates","05/03/2020",27,0,0,0,45,NA,"UnitedArabEmirates"
1423,"Iceland","05/03/2020",26,10,0,0,45,NA,"Iceland"
1430,"Belgium","05/03/2020",23,15,0,0,45,NA,"Belgium"
1433,"San Marino","05/03/2020",16,8,0,0,45,NA,"SanMarino"
1424,"Vietnam","05/03/2020",16,0,0,0,45,NA,"VietNam"
1426,"Israel","05/03/2020",15,3,0,0,45,NA,"Israel"
1427,"Oman","05/03/2020",15,3,0,0,45,NA,"Oman"
1425,"Lebanon","05/03/2020",13,0,0,0,45,NA,"Lebanon"
1438,"Algeria","05/03/2020",12,7,0,0,45,NA,"Algeria"
1431,"Denmark","05/03/2020",10,2,0,0,45,NA,"Denmark"
1428,"Macao","05/03/2020",10,0,0,0,45,NA,"China-Macao"
1429,"Croatia","05/03/2020",9,0,0,0,45,NA,"Croatia"
1436,"Greece","05/03/2020",9,2,0,0,45,NA,"Greece"
1432,"Qatar","05/03/2020",8,0,0,0,45,NA,"Qatar"
1434,"Ecuador","05/03/2020",7,0,0,0,45,NA,"Ecuador"
1435,"Finland","05/03/2020",7,0,0,0,45,NA,"Finland"
1453,"Portugal","05/03/2020",7,5,0,0,45,NA,"Portugal"
1458,"Belarus","05/03/2020",6,5,0,0,45,NA,"Belarus"
1439,"Czech Republic","05/03/2020",5,0,0,0,45,NA,"Czechia"
1440,"Mexico","05/03/2020",5,0,0,0,45,NA,"Mexico"
1441,"Pakistan","05/03/2020",5,0,0,0,45,NA,"Pakistan"
1484,"Occupied Palestinian Territory","05/03/2020",4,4,0,0,45,NA,"OccupiedPalestinianTerritory"
1442,"Romania","05/03/2020",4,0,0,0,45,NA,"Romania"
1473,"Senegal","05/03/2020",4,3,0,0,45,NA,"Senegal"
1443,"Azerbaijan","05/03/2020",3,0,0,0,45,NA,"Azerbaijan"
1447,"Brazil","05/03/2020",3,1,0,0,45,NA,"Brazil"
1444,"Georgia","05/03/2020",3,0,0,0,45,NA,"Georgia"
1445,"Philippines","05/03/2020",3,0,1,0,45,NA,"Philippines"
1446,"Russian Federation","05/03/2020",3,0,0,0,45,NA,"RussianFederation"
1480,"Bosnia and Herzegovina","05/03/2020",2,2,0,0,45,NA,"BosniaHerzegovina"
1448,"Egypt","05/03/2020",2,0,0,0,45,NA,"Egypt"
1449,"Estonia","05/03/2020",2,0,0,0,45,NA,"Estonia"
1481,"Hungary","05/03/2020",2,2,0,0,45,NA,"Hungary"
1450,"Indonesia","05/03/2020",2,0,0,0,45,NA,"Indonesia"
1451,"Ireland","05/03/2020",2,0,0,0,45,NA,"Ireland"
1467,"Morocco","05/03/2020",2,1,0,0,45,NA,"Morocco"
1452,"New Zealand","05/03/2020",2,0,0,0,45,NA,"NewZealand"
1477,"Saint Martin","05/03/2020",2,2,0,0,45,NA,"SaintMartin"
1472,"Saudi Arabia","05/03/2020",2,1,0,0,45,NA,"SaudiArabia"
1454,"Afghanistan","05/03/2020",1,0,0,0,45,NA,"Afghanistan"
1455,"Andorra","05/03/2020",1,0,0,0,45,NA,"Andorra"
1456,"Argentina","05/03/2020",1,0,0,0,45,NA,"Argentina"
1457,"Armenia","05/03/2020",1,0,0,0,45,NA,"Armenia"
1459,"Cambodia","05/03/2020",1,0,0,0,45,NA,"Cambodia"
1460,"Chile","05/03/2020",1,0,0,0,45,NA,"Chile"
1461,"Dominican Republic","05/03/2020",1,0,0,0,45,NA,"DominicanRepublic"
1483,"Gibraltar","05/03/2020",1,1,0,0,45,NA,"Gibraltar"
1462,"Jordan","05/03/2020",1,0,0,0,45,NA,"Jordan"
1463,"Latvia","05/03/2020",1,0,0,0,45,NA,"Latvia"
1479,"Liechtenstein","05/03/2020",1,1,0,0,45,NA,"Liechtenstein"
1464,"Lithuania","05/03/2020",1,0,0,0,45,NA,"Lithuania"
1465,"Luxembourg","05/03/2020",1,0,0,0,45,NA,"Luxembourg"
1466,"Monaco","05/03/2020",1,0,0,0,45,NA,"Monaco"
1468,"Nepal","05/03/2020",1,0,0,0,45,NA,"Nepal"
1469,"Nigeria","05/03/2020",1,0,0,0,45,NA,"Nigeria"
1470,"North Macedonia","05/03/2020",1,0,0,0,45,NA,"NorthMacedonia"
1471,"Poland","05/03/2020",1,0,0,0,45,NA,"Poland"
1478,"Saint Barthelemy","05/03/2020",1,1,0,0,45,NA,"SaintBarthelemy"
1482,"Slovenia","05/03/2020",1,1,0,0,45,NA,"Slovenia"
1474,"Sri Lanka","05/03/2020",1,0,0,0,45,NA,"SriLanka"
1475,"Tunisia","05/03/2020",1,0,0,0,45,NA,"Tunisia"
1476,"Ukraine","05/03/2020",1,0,0,0,45,"06 March 11:00 GMT","Ukraine"
