"","Date","Afghanistan_cases","Albania_cases","Algeria_cases","Andorra_cases","Angola_cases","AntiguaandBarbuda_cases","Argentina_cases","Armenia_cases","Australia_cases","Austria_cases","Azerbaijan_cases","Bahrain_cases","Bangladesh_cases","Barbados_cases","Belarus_cases","Belgium_cases","Benin_cases","Bhutan_cases","Bolivia_cases","BosniaandHerzegovina_cases","Brazil_cases","Brunei_cases","Bulgaria_cases","BurkinaFaso_cases","Cambodia_cases","Cameroon_cases","Canada_cases","CapeVerde_cases","CentralAfricanRepublic_cases","Chad_cases","Chile_cases","China_cases","Colombia_cases","Congo_cases","CostaRica_cases","CotedIvoire_cases","Croatia_cases","Cuba_cases","Cyprus_cases","Czechia_cases","DemocraticRepublicoftheCongo_cases","Denmark_cases","DiamondPrincessCruiseShip_cases","Djibouti_cases","Dominica_cases","DominicanRepublic_cases","EastTimor_cases","Ecuador_cases","Egypt_cases","ElSalvador_cases","EquatorialGuinea_cases","Eritrea_cases","Estonia_cases","Eswatini_cases","Ethiopia_cases","Fiji_cases","Finland_cases","France_cases","Gabon_cases","Georgia_cases","Germany_cases","Ghana_cases","Greece_cases","Grenada_cases","Guatemala_cases","Guinea_cases","Guyana_cases","Haiti_cases","HolySee_cases","Honduras_cases","HongKong_cases","Hungary_cases","Iceland_cases","India_cases","Indonesia_cases","Iran_cases","Iraq_cases","Ireland_cases","Israel_cases","Italy_cases","Jamaica_cases","Japan_cases","Jordan_cases","Kazakhstan_cases","Kenya_cases","Kosovo_cases","Kuwait_cases","Kyrgyzstan_cases","Latvia_cases","Lebanon_cases","Liberia_cases","Liechtenstein_cases","Lithuania_cases","Luxembourg_cases","Macao_cases","Madagascar_cases","Malaysia_cases","Maldives_cases","Malta_cases","Martinique_cases","Mauritania_cases","Mauritius_cases","Mexico_cases","Moldova_cases","Monaco_cases","Mongolia_cases","Montenegro_cases","Morocco_cases","Mozambique_cases","Namibia_cases","Nepal_cases","Netherlands_cases","NewZealand_cases","Nicaragua_cases","Niger_cases","Nigeria_cases","NorthMacedonia_cases","Norway_cases","Oman_cases","Pakistan_cases","Panama_cases","PapuaNewGuinea_cases","Paraguay_cases","Peru_cases","Philippines_cases","Poland_cases","Portugal_cases","Qatar_cases","RepublicofKorea_cases","Romania_cases","Russia_cases","Rwanda_cases","SaintLucia_cases","SaintVincentandtheGrenadines_cases","SanMarino_cases","SaudiArabia_cases","Senegal_cases","Serbia_cases","Seychelles_cases","Singapore_cases","Slovakia_cases","Slovenia_cases","Somalia_cases","SouthAfrica_cases","Spain_cases","SriLanka_cases","Sudan_cases","Suriname_cases","Sweden_cases","Switzerland_cases","Syria_cases","Taiwan_cases","Tanzania_cases","Thailand_cases","TheBahamas_cases","TheGambia_cases","Togo_cases","TrinidadandTobago_cases","Tunisia_cases","Turkey_cases","Uganda_cases","Ukraine_cases","UnitedArabEmirates_cases","UnitedKingdom_cases","Uruguay_cases","US_cases","Uzbekistan_cases","Venezuela_cases","Vietnam_cases","Zambia_cases","Zimbabwe_cases","Afghanistan_deaths","Albania_deaths","Algeria_deaths","Andorra_deaths","Angola_deaths","AntiguaandBarbuda_deaths","Argentina_deaths","Armenia_deaths","Australia_deaths","Austria_deaths","Azerbaijan_deaths","Bahrain_deaths","Bangladesh_deaths","Barbados_deaths","Belarus_deaths","Belgium_deaths","Benin_deaths","Bhutan_deaths","Bolivia_deaths","BosniaandHerzegovina_deaths","Brazil_deaths","Brunei_deaths","Bulgaria_deaths","BurkinaFaso_deaths","Cambodia_deaths","Cameroon_deaths","Canada_deaths","CapeVerde_deaths","CentralAfricanRepublic_deaths","Chad_deaths","Chile_deaths","China_deaths","Colombia_deaths","Congo_deaths","CostaRica_deaths","CotedIvoire_deaths","Croatia_deaths","Cuba_deaths","Cyprus_deaths","Czechia_deaths","DemocraticRepublicoftheCongo_deaths","Denmark_deaths","DiamondPrincessCruiseShip_deaths","Djibouti_deaths","Dominica_deaths","DominicanRepublic_deaths","EastTimor_deaths","Ecuador_deaths","Egypt_deaths","ElSalvador_deaths","EquatorialGuinea_deaths","Eritrea_deaths","Estonia_deaths","Eswatini_deaths","Ethiopia_deaths","Fiji_deaths","Finland_deaths","France_deaths","Gabon_deaths","Georgia_deaths","Germany_deaths","Ghana_deaths","Greece_deaths","Grenada_deaths","Guatemala_deaths","Guinea_deaths","Guyana_deaths","Haiti_deaths","HolySee_deaths","Honduras_deaths","HongKong_deaths","Hungary_deaths","Iceland_deaths","India_deaths","Indonesia_deaths","Iran_deaths","Iraq_deaths","Ireland_deaths","Israel_deaths","Italy_deaths","Jamaica_deaths","Japan_deaths","Jordan_deaths","Kazakhstan_deaths","Kenya_deaths","Kosovo_deaths","Kuwait_deaths","Kyrgyzstan_deaths","Latvia_deaths","Lebanon_deaths","Liberia_deaths","Liechtenstein_deaths","Lithuania_deaths","Luxembourg_deaths","Macao_deaths","Madagascar_deaths","Malaysia_deaths","Maldives_deaths","Malta_deaths","Martinique_deaths","Mauritania_deaths","Mauritius_deaths","Mexico_deaths","Moldova_deaths","Monaco_deaths","Mongolia_deaths","Montenegro_deaths","Morocco_deaths","Mozambique_deaths","Namibia_deaths","Nepal_deaths","Netherlands_deaths","NewZealand_deaths","Nicaragua_deaths","Niger_deaths","Nigeria_deaths","NorthMacedonia_deaths","Norway_deaths","Oman_deaths","Pakistan_deaths","Panama_deaths","PapuaNewGuinea_deaths","Paraguay_deaths","Peru_deaths","Philippines_deaths","Poland_deaths","Portugal_deaths","Qatar_deaths","RepublicofKorea_deaths","Romania_deaths","Russia_deaths","Rwanda_deaths","SaintLucia_deaths","SaintVincentandtheGrenadines_deaths","SanMarino_deaths","SaudiArabia_deaths","Senegal_deaths","Serbia_deaths","Seychelles_deaths","Singapore_deaths","Slovakia_deaths","Slovenia_deaths","Somalia_deaths","SouthAfrica_deaths","Spain_deaths","SriLanka_deaths","Sudan_deaths","Suriname_deaths","Sweden_deaths","Switzerland_deaths","Syria_deaths","Taiwan_deaths","Tanzania_deaths","Thailand_deaths","TheBahamas_deaths","TheGambia_deaths","Togo_deaths","TrinidadandTobago_deaths","Tunisia_deaths","Turkey_deaths","Uganda_deaths","Ukraine_deaths","UnitedArabEmirates_deaths","UnitedKingdom_deaths","Uruguay_deaths","US_deaths","Uzbekistan_deaths","Venezuela_deaths","Vietnam_deaths","Zambia_deaths","Zimbabwe_deaths","Afghanistan_recovered","Albania_recovered","Algeria_recovered","Andorra_recovered","Angola_recovered","AntiguaandBarbuda_recovered","Argentina_recovered","Armenia_recovered","Australia_recovered","Austria_recovered","Azerbaijan_recovered","Bahrain_recovered","Bangladesh_recovered","Barbados_recovered","Belarus_recovered","Belgium_recovered","Benin_recovered","Bhutan_recovered","Bolivia_recovered","BosniaandHerzegovina_recovered","Brazil_recovered","Brunei_recovered","Bulgaria_recovered","BurkinaFaso_recovered","Cambodia_recovered","Cameroon_recovered","Canada_recovered","CapeVerde_recovered","CentralAfricanRepublic_recovered","Chad_recovered","Chile_recovered","China_recovered","Colombia_recovered","Congo_recovered","CostaRica_recovered","CotedIvoire_recovered","Croatia_recovered","Cuba_recovered","Cyprus_recovered","Czechia_recovered","DemocraticRepublicoftheCongo_recovered","Denmark_recovered","DiamondPrincessCruiseShip_recovered","Djibouti_recovered","Dominica_recovered","DominicanRepublic_recovered","EastTimor_recovered","Ecuador_recovered","Egypt_recovered","ElSalvador_recovered","EquatorialGuinea_recovered","Eritrea_recovered","Estonia_recovered","Eswatini_recovered","Ethiopia_recovered","Fiji_recovered","Finland_recovered","France_recovered","Gabon_recovered","Georgia_recovered","Germany_recovered","Ghana_recovered","Greece_recovered","Grenada_recovered","Guatemala_recovered","Guinea_recovered","Guyana_recovered","Haiti_recovered","HolySee_recovered","Honduras_recovered","HongKong_recovered","Hungary_recovered","Iceland_recovered","India_recovered","Indonesia_recovered","Iran_recovered","Iraq_recovered","Ireland_recovered","Israel_recovered","Italy_recovered","Jamaica_recovered","Japan_recovered","Jordan_recovered","Kazakhstan_recovered","Kenya_recovered","Kosovo_recovered","Kuwait_recovered","Kyrgyzstan_recovered","Latvia_recovered","Lebanon_recovered","Liberia_recovered","Liechtenstein_recovered","Lithuania_recovered","Luxembourg_recovered","Macao_recovered","Madagascar_recovered","Malaysia_recovered","Maldives_recovered","Malta_recovered","Martinique_recovered","Mauritania_recovered","Mauritius_recovered","Mexico_recovered","Moldova_recovered","Monaco_recovered","Mongolia_recovered","Montenegro_recovered","Morocco_recovered","Mozambique_recovered","Namibia_recovered","Nepal_recovered","Netherlands_recovered","NewZealand_recovered","Nicaragua_recovered","Niger_recovered","Nigeria_recovered","NorthMacedonia_recovered","Norway_recovered","Oman_recovered","Pakistan_recovered","Panama_recovered","PapuaNewGuinea_recovered","Paraguay_recovered","Peru_recovered","Philippines_recovered","Poland_recovered","Portugal_recovered","Qatar_recovered","RepublicofKorea_recovered","Romania_recovered","Russia_recovered","Rwanda_recovered","SaintLucia_recovered","SaintVincentandtheGrenadines_recovered","SanMarino_recovered","SaudiArabia_recovered","Senegal_recovered","Serbia_recovered","Seychelles_recovered","Singapore_recovered","Slovakia_recovered","Slovenia_recovered","Somalia_recovered","SouthAfrica_recovered","Spain_recovered","SriLanka_recovered","Sudan_recovered","Suriname_recovered","Sweden_recovered","Switzerland_recovered","Syria_recovered","Taiwan_recovered","Tanzania_recovered","Thailand_recovered","TheBahamas_recovered","TheGambia_recovered","Togo_recovered","TrinidadandTobago_recovered","Tunisia_recovered","Turkey_recovered","Uganda_recovered","Ukraine_recovered","UnitedArabEmirates_recovered","UnitedKingdom_recovered","Uruguay_recovered","US_recovered","Uzbekistan_recovered","Venezuela_recovered","Vietnam_recovered","Zambia_recovered","Zimbabwe_recovered","update"
"1",2020-01-22,0,0,0,0,0,0,0,0,0,0,0,0,0,0,0,0,0,0,0,0,0,0,0,0,0,0,0,0,0,0,0,547,0,0,0,0,0,0,0,0,0,0,0,0,0,0,0,0,0,0,0,0,0,0,0,0,0,0,0,0,0,0,0,0,0,0,0,0,0,0,0,0,0,0,0,0,0,0,0,0,0,2,0,0,0,0,0,0,0,0,0,0,0,0,1,0,0,0,0,0,0,0,0,0,0,0,0,0,0,0,0,0,0,0,0,0,0,0,0,0,0,0,0,0,0,0,0,0,1,0,0,0,0,0,0,0,0,0,0,0,0,0,0,0,0,0,0,0,0,0,0,1,0,2,0,0,0,0,0,0,0,0,0,0,0,1,0,0,0,0,0,0,0,0,0,0,0,0,0,0,0,0,0,0,0,0,0,0,0,0,0,0,0,0,0,0,0,0,0,0,0,0,17,0,0,0,0,0,0,0,0,0,0,0,0,0,0,0,0,0,0,0,0,0,0,0,0,0,0,0,0,0,0,0,0,0,0,0,0,0,0,0,0,0,0,0,0,0,0,0,0,0,0,0,0,0,0,0,0,0,0,0,0,0,0,0,0,0,0,0,0,0,0,0,0,0,0,0,0,0,0,0,0,0,0,0,0,0,0,0,0,0,0,0,0,0,0,0,0,0,0,0,0,0,0,0,0,0,0,0,0,0,0,0,0,0,0,0,0,0,0,0,0,0,0,0,0,0,0,0,0,0,0,0,0,0,0,0,0,0,0,0,0,0,0,0,0,0,0,0,0,0,0,0,0,0,0,0,0,0,0,0,0,0,0,0,0,0,0,0,0,0,0,28,0,0,0,0,0,0,0,0,0,0,0,0,0,0,0,0,0,0,0,0,0,0,0,0,0,0,0,0,0,0,0,0,0,0,0,0,0,0,0,0,0,0,0,0,0,0,0,0,0,0,0,0,0,0,0,0,0,0,0,0,0,0,0,0,0,0,0,0,0,0,0,0,0,0,0,0,0,0,0,0,0,0,0,0,0,0,0,0,0,0,0,0,0,0,0,0,0,0,0,0,0,0,0,0,0,0,0,0,0,0,0,0,0,0,0,0,0,0,0,0,0,0,0,0,0,0,0,0,0,0,0,0,0,0,0,0,0,0,0,1
"2",2020-01-23,0,0,0,0,0,0,0,0,0,0,0,0,0,0,0,0,0,0,0,0,0,0,0,0,0,0,0,0,0,0,0,639,0,0,0,0,0,0,0,0,0,0,0,0,0,0,0,0,0,0,0,0,0,0,0,0,0,0,0,0,0,0,0,0,0,0,0,0,0,0,2,0,0,0,0,0,0,0,0,0,0,1,0,0,0,0,0,0,0,0,0,0,0,0,2,0,0,0,0,0,0,0,0,0,0,0,0,0,0,0,0,0,0,0,0,0,0,0,0,0,0,0,0,0,0,0,0,0,1,0,0,0,0,0,0,0,0,0,0,1,0,0,0,0,0,0,0,0,0,0,0,1,0,3,0,0,0,0,0,0,0,0,0,0,0,1,0,0,2,0,0,0,0,0,0,0,0,0,0,0,0,0,0,0,0,0,0,0,0,0,0,0,0,0,0,0,0,0,0,0,0,0,18,0,0,0,0,0,0,0,0,0,0,0,0,0,0,0,0,0,0,0,0,0,0,0,0,0,0,0,0,0,0,0,0,0,0,0,0,0,0,0,0,0,0,0,0,0,0,0,0,0,0,0,0,0,0,0,0,0,0,0,0,0,0,0,0,0,0,0,0,0,0,0,0,0,0,0,0,0,0,0,0,0,0,0,0,0,0,0,0,0,0,0,0,0,0,0,0,0,0,0,0,0,0,0,0,0,0,0,0,0,0,0,0,0,0,0,0,0,0,0,0,0,0,0,0,0,0,0,0,0,0,0,0,0,0,0,0,0,0,0,0,0,0,0,0,0,0,0,0,0,0,0,0,0,0,0,0,0,0,0,0,0,0,0,0,0,0,0,0,0,0,30,0,0,0,0,0,0,0,0,0,0,0,0,0,0,0,0,0,0,0,0,0,0,0,0,0,0,0,0,0,0,0,0,0,0,0,0,0,0,0,0,0,0,0,0,0,0,0,0,0,0,0,0,0,0,0,0,0,0,0,0,0,0,0,0,0,0,0,0,0,0,0,0,0,0,0,0,0,0,0,0,0,0,0,0,0,0,0,0,0,0,0,0,0,0,0,0,0,0,0,0,0,0,0,0,0,0,0,0,0,0,0,0,0,0,0,0,0,0,0,0,0,0,0,0,0,0,0,0,0,0,0,0,0,0,0,0,0,0,0,2
"3",2020-01-24,0,0,0,0,0,0,0,0,0,0,0,0,0,0,0,0,0,0,0,0,0,0,0,0,0,0,0,0,0,0,0,916,0,0,0,0,0,0,0,0,0,0,0,0,0,0,0,0,0,0,0,0,0,0,0,0,0,2,0,0,0,0,0,0,0,0,0,0,0,0,2,0,0,0,0,0,0,0,0,0,0,2,0,0,0,0,0,0,0,0,0,0,0,0,2,0,0,0,0,0,0,0,0,0,0,0,0,0,0,0,0,0,0,0,0,0,0,0,0,0,0,0,0,0,0,0,0,0,2,0,0,0,0,0,0,0,0,0,0,3,0,0,0,0,0,0,0,0,0,0,0,3,0,5,0,0,0,0,0,0,0,0,0,0,0,2,0,0,2,0,0,0,0,0,0,0,0,0,0,0,0,0,0,0,0,0,0,0,0,0,0,0,0,0,0,0,0,0,0,0,0,0,26,0,0,0,0,0,0,0,0,0,0,0,0,0,0,0,0,0,0,0,0,0,0,0,0,0,0,0,0,0,0,0,0,0,0,0,0,0,0,0,0,0,0,0,0,0,0,0,0,0,0,0,0,0,0,0,0,0,0,0,0,0,0,0,0,0,0,0,0,0,0,0,0,0,0,0,0,0,0,0,0,0,0,0,0,0,0,0,0,0,0,0,0,0,0,0,0,0,0,0,0,0,0,0,0,0,0,0,0,0,0,0,0,0,0,0,0,0,0,0,0,0,0,0,0,0,0,0,0,0,0,0,0,0,0,0,0,0,0,0,0,0,0,0,0,0,0,0,0,0,0,0,0,0,0,0,0,0,0,0,0,0,0,0,0,0,0,0,0,0,0,36,0,0,0,0,0,0,0,0,0,0,0,0,0,0,0,0,0,0,0,0,0,0,0,0,0,0,0,0,0,0,0,0,0,0,0,0,0,0,0,0,0,0,0,0,0,0,0,0,0,0,0,0,0,0,0,0,0,0,0,0,0,0,0,0,0,0,0,0,0,0,0,0,0,0,0,0,0,0,0,0,0,0,0,0,0,0,0,0,0,0,0,0,0,0,0,0,0,0,0,0,0,0,0,0,0,0,0,0,0,0,0,0,0,0,0,0,0,0,0,0,0,0,0,0,0,0,0,0,0,0,0,0,0,0,0,0,0,0,0,3
"4",2020-01-25,0,0,0,0,0,0,0,0,0,0,0,0,0,0,0,0,0,0,0,0,0,0,0,0,0,0,0,0,0,0,0,1399,0,0,0,0,0,0,0,0,0,0,0,0,0,0,0,0,0,0,0,0,0,0,0,0,0,3,0,0,0,0,0,0,0,0,0,0,0,0,5,0,0,0,0,0,0,0,0,0,0,2,0,0,0,0,0,0,0,0,0,0,0,0,2,0,3,0,0,0,0,0,0,0,0,0,0,0,0,0,1,0,0,0,0,0,0,0,0,0,0,0,0,0,0,0,0,0,2,0,0,0,0,0,0,0,0,0,0,3,0,0,0,0,0,0,0,0,0,0,0,3,0,7,0,0,0,0,0,0,0,0,0,0,0,2,0,0,2,0,0,0,0,0,0,0,0,0,0,0,0,0,0,0,0,0,0,0,0,0,0,0,0,0,0,0,0,0,0,0,0,0,42,0,0,0,0,0,0,0,0,0,0,0,0,0,0,0,0,0,0,0,0,0,0,0,0,0,0,0,0,0,0,0,0,0,0,0,0,0,0,0,0,0,0,0,0,0,0,0,0,0,0,0,0,0,0,0,0,0,0,0,0,0,0,0,0,0,0,0,0,0,0,0,0,0,0,0,0,0,0,0,0,0,0,0,0,0,0,0,0,0,0,0,0,0,0,0,0,0,0,0,0,0,0,0,0,0,0,0,0,0,0,0,0,0,0,0,0,0,0,0,0,0,0,0,0,0,0,0,0,0,0,0,0,0,0,0,0,0,0,0,0,0,0,0,0,0,0,0,0,0,0,0,0,0,0,0,0,0,0,0,0,0,0,0,0,0,0,0,0,0,0,39,0,0,0,0,0,0,0,0,0,0,0,0,0,0,0,0,0,0,0,0,0,0,0,0,0,0,0,0,0,0,0,0,0,0,0,0,0,0,0,0,0,0,0,0,0,0,0,0,0,0,0,0,0,0,0,0,0,0,0,0,0,0,0,0,0,0,0,0,0,0,0,0,0,0,0,0,0,0,0,0,0,0,0,0,0,0,0,0,0,0,0,0,0,0,0,0,0,0,0,0,0,0,0,0,0,0,0,0,0,0,0,0,0,0,0,0,0,0,0,0,0,0,0,0,0,0,0,0,0,0,0,0,0,0,0,0,0,0,0,4
"5",2020-01-26,0,0,0,0,0,0,0,0,4,0,0,0,0,0,0,0,0,0,0,0,0,0,0,0,0,0,1,0,0,0,0,2062,0,0,0,0,0,0,0,0,0,0,0,0,0,0,0,0,0,0,0,0,0,0,0,0,0,3,0,0,0,0,0,0,0,0,0,0,0,0,8,0,0,0,0,0,0,0,0,0,0,4,0,0,0,0,0,0,0,0,0,0,0,0,5,0,4,0,0,0,0,0,0,0,0,0,0,0,0,0,1,0,0,0,0,0,0,0,0,0,0,0,0,0,0,0,0,0,3,0,0,0,0,0,0,0,0,0,0,4,0,0,0,0,0,0,0,0,0,0,0,4,0,8,0,0,0,0,0,0,0,0,0,0,0,5,0,0,2,0,0,0,0,0,0,0,0,0,0,0,0,0,0,0,0,0,0,0,0,0,0,0,0,0,0,0,0,0,0,0,0,0,56,0,0,0,0,0,0,0,0,0,0,0,0,0,0,0,0,0,0,0,0,0,0,0,0,0,0,0,0,0,0,0,0,0,0,0,0,0,0,0,0,0,0,0,0,0,0,0,0,0,0,0,0,0,0,0,0,0,0,0,0,0,0,0,0,0,0,0,0,0,0,0,0,0,0,0,0,0,0,0,0,0,0,0,0,0,0,0,0,0,0,0,0,0,0,0,0,0,0,0,0,0,0,0,0,0,0,0,0,0,0,0,0,0,0,0,0,0,0,0,0,0,0,0,0,0,0,0,0,0,0,0,0,0,0,0,0,0,0,0,0,0,0,0,0,0,0,0,0,0,0,0,0,0,0,0,0,0,0,0,0,0,0,0,0,0,0,0,0,0,0,49,0,0,0,0,0,0,0,0,0,0,0,0,0,0,0,0,0,0,0,0,0,0,0,0,0,0,0,0,0,0,0,0,0,0,0,0,0,0,0,0,0,0,0,0,0,0,0,0,0,1,0,0,0,0,0,0,0,0,0,0,0,0,0,0,0,0,0,0,0,0,0,0,0,0,0,0,0,0,0,0,0,0,0,0,0,0,0,0,0,0,0,0,0,0,0,0,0,0,0,0,0,0,0,0,0,0,0,0,0,0,0,0,0,0,0,0,0,0,0,0,0,2,0,0,0,0,0,0,0,0,0,0,0,0,0,0,0,0,0,5
"6",2020-01-27,0,0,0,0,0,0,0,0,5,0,0,0,0,0,0,0,0,0,0,0,0,0,0,0,1,0,1,0,0,0,0,2863,0,0,0,0,0,0,0,0,0,0,0,0,0,0,0,0,0,0,0,0,0,0,0,0,0,3,0,0,1,0,0,0,0,0,0,0,0,0,8,0,0,0,0,0,0,0,0,0,0,4,0,0,0,0,0,0,0,0,0,0,0,0,6,0,4,0,0,0,0,0,0,0,0,0,0,0,0,0,1,0,0,0,0,0,0,0,0,0,0,0,0,0,0,0,0,0,4,0,0,0,0,0,0,0,0,0,0,5,0,0,0,0,0,1,0,0,0,0,0,5,0,8,0,0,0,0,0,0,0,0,0,0,0,5,0,0,2,0,0,0,0,0,0,0,0,0,0,0,0,0,0,0,0,0,0,0,0,0,0,0,0,0,0,0,0,0,0,0,0,0,82,0,0,0,0,0,0,0,0,0,0,0,0,0,0,0,0,0,0,0,0,0,0,0,0,0,0,0,0,0,0,0,0,0,0,0,0,0,0,0,0,0,0,0,0,0,0,0,0,0,0,0,0,0,0,0,0,0,0,0,0,0,0,0,0,0,0,0,0,0,0,0,0,0,0,0,0,0,0,0,0,0,0,0,0,0,0,0,0,0,0,0,0,0,0,0,0,0,0,0,0,0,0,0,0,0,0,0,0,0,0,0,0,0,0,0,0,0,0,0,0,0,0,0,0,0,0,0,0,0,0,0,0,0,0,0,0,0,0,0,0,0,0,0,0,0,0,0,0,0,0,0,0,0,0,0,0,0,0,0,0,0,0,0,0,0,0,0,0,0,0,58,0,0,0,0,0,0,0,0,0,0,0,0,0,0,0,0,0,0,0,0,0,0,0,0,0,0,0,0,0,0,0,0,0,0,0,0,0,0,0,0,0,0,0,0,0,0,0,0,0,1,0,0,0,0,0,0,0,0,0,0,0,0,0,0,0,0,0,0,0,0,0,0,0,0,0,0,0,0,0,0,0,0,0,0,0,0,0,0,0,0,0,0,0,0,0,0,0,0,0,0,0,0,0,0,0,0,0,0,0,0,0,0,0,0,0,0,0,0,0,0,0,2,0,0,0,0,0,0,0,0,0,0,0,0,0,0,0,0,0,6
"7",2020-01-28,0,0,0,0,0,0,0,0,5,0,0,0,0,0,0,0,0,0,0,0,0,0,0,0,1,0,2,0,0,0,0,5494,0,0,0,0,0,0,0,0,0,0,0,0,0,0,0,0,0,0,0,0,0,0,0,0,0,4,0,0,4,0,0,0,0,0,0,0,0,0,8,0,0,0,0,0,0,0,0,0,0,7,0,0,0,0,0,0,0,0,0,0,0,0,7,0,4,0,0,0,0,0,0,0,0,0,0,0,0,0,1,0,0,0,0,0,0,0,0,0,0,0,0,0,0,0,0,0,4,0,0,0,0,0,0,0,0,0,0,7,0,0,0,0,0,1,0,0,0,0,0,8,0,14,0,0,0,0,0,0,0,0,0,0,0,5,0,0,2,0,0,0,0,0,0,0,0,0,0,0,0,0,0,0,0,0,0,0,0,0,0,0,0,0,0,0,0,0,0,0,0,0,131,0,0,0,0,0,0,0,0,0,0,0,0,0,0,0,0,0,0,0,0,0,0,0,0,0,0,0,0,0,0,0,0,0,0,0,0,0,0,0,0,0,0,0,0,0,0,0,0,0,0,0,0,0,0,0,0,0,0,0,0,0,0,0,0,0,0,0,0,0,0,0,0,0,0,0,0,0,0,0,0,0,0,0,0,0,0,0,0,0,0,0,0,0,0,0,0,0,0,0,0,0,0,0,0,0,0,0,0,0,0,0,0,0,0,0,0,0,0,0,0,0,0,0,0,0,0,0,0,0,0,0,0,0,0,0,0,0,0,0,0,0,0,0,0,0,0,0,0,0,0,0,0,0,0,0,0,0,0,0,0,0,0,0,0,0,0,0,0,0,0,101,0,0,0,0,0,0,0,0,0,0,0,0,0,0,0,0,0,0,0,0,0,0,0,0,0,0,0,0,0,0,0,0,0,0,0,0,0,0,0,0,0,0,0,0,0,0,0,0,0,1,0,0,0,0,0,0,0,0,0,0,0,0,0,0,0,0,0,0,0,0,0,0,0,0,0,0,0,0,0,0,0,0,0,0,0,0,0,0,0,0,0,0,0,0,0,0,0,0,0,0,0,0,0,0,0,0,0,0,0,0,0,0,0,0,0,0,0,0,0,0,0,5,0,0,0,0,0,0,0,0,0,0,0,0,0,0,0,0,0,7
"8",2020-01-29,0,0,0,0,0,0,0,0,6,0,0,0,0,0,0,0,0,0,0,0,0,0,0,0,1,0,2,0,0,0,0,6070,0,0,0,0,0,0,0,0,0,0,0,0,0,0,0,0,0,0,0,0,0,0,0,0,1,5,0,0,4,0,0,0,0,0,0,0,0,0,10,0,0,0,0,0,0,0,0,0,0,7,0,0,0,0,0,0,0,0,0,0,0,0,7,0,7,0,0,0,0,0,0,0,0,0,0,0,0,0,1,0,0,0,0,0,0,0,0,0,0,0,0,0,0,0,0,0,4,0,0,0,0,0,0,0,0,0,0,7,0,0,0,0,0,1,0,0,0,0,0,8,0,14,0,0,0,0,0,0,0,0,4,0,0,5,0,0,2,0,0,0,0,0,0,0,0,0,0,0,0,0,0,0,0,0,0,0,0,0,0,0,0,0,0,0,0,0,0,0,0,0,133,0,0,0,0,0,0,0,0,0,0,0,0,0,0,0,0,0,0,0,0,0,0,0,0,0,0,0,0,0,0,0,0,0,0,0,0,0,0,0,0,0,0,0,0,0,0,0,0,0,0,0,0,0,0,0,0,0,0,0,0,0,0,0,0,0,0,0,0,0,0,0,0,0,0,0,0,0,0,0,0,0,0,0,0,0,0,0,0,0,0,0,0,0,0,0,0,0,0,0,0,0,0,0,0,0,0,0,0,0,0,0,0,0,0,0,0,0,0,0,0,0,0,0,0,0,0,0,0,0,0,0,0,0,0,0,0,0,0,0,0,0,0,0,0,0,0,0,0,0,0,0,0,0,0,0,0,0,0,0,0,0,0,0,0,0,0,0,0,0,0,120,0,0,0,0,0,0,0,0,0,0,0,0,0,0,0,0,0,0,0,0,0,0,0,0,0,0,0,0,0,0,0,0,0,0,0,0,0,0,0,0,0,0,0,0,0,0,0,0,0,1,0,0,0,0,0,0,0,0,0,0,0,0,0,0,0,0,0,0,0,0,0,0,0,0,0,0,0,0,0,0,0,0,0,0,0,0,0,0,0,0,0,0,0,0,0,0,0,0,0,0,0,0,0,0,0,0,0,0,0,0,0,0,0,0,0,0,0,0,0,0,0,5,0,0,0,0,0,0,0,0,0,0,0,0,0,0,0,0,0,8
"9",2020-01-30,0,0,0,0,0,0,0,0,9,0,0,0,0,0,0,0,0,0,0,0,0,0,0,0,1,0,2,0,0,0,0,8124,0,0,0,0,0,0,0,0,0,0,0,0,0,0,0,0,0,0,0,0,0,0,0,0,1,5,0,0,4,0,0,0,0,0,0,0,0,0,10,0,0,1,0,0,0,0,0,0,0,11,0,0,0,0,0,0,0,0,0,0,0,0,7,0,8,0,0,0,0,0,0,0,0,0,0,0,0,0,1,0,0,0,0,0,0,0,0,0,0,0,0,0,1,0,0,0,4,0,0,0,0,0,0,0,0,0,0,10,0,0,0,0,0,1,0,0,0,0,0,9,0,14,0,0,0,0,0,0,0,0,4,0,0,5,0,0,2,0,0,0,0,0,0,0,0,0,0,0,0,0,0,0,0,0,0,0,0,0,0,0,0,0,0,0,0,0,0,0,0,0,171,0,0,0,0,0,0,0,0,0,0,0,0,0,0,0,0,0,0,0,0,0,0,0,0,0,0,0,0,0,0,0,0,0,0,0,0,0,0,0,0,0,0,0,0,0,0,0,0,0,0,0,0,0,0,0,0,0,0,0,0,0,0,0,0,0,0,0,0,0,0,0,0,0,0,0,0,0,0,0,0,0,0,0,0,0,0,0,0,0,0,0,0,0,0,0,0,0,0,0,0,0,0,0,0,0,0,0,0,0,0,0,0,0,0,0,0,0,0,0,0,0,0,0,0,0,0,0,0,0,0,0,0,0,0,0,0,0,0,0,0,0,0,0,0,0,0,0,2,0,0,0,0,0,0,0,0,0,0,0,0,0,0,0,0,0,0,0,0,0,0,135,0,0,0,0,0,0,0,0,0,0,0,0,0,0,0,0,0,0,0,0,0,0,0,0,0,0,0,0,0,0,0,0,0,0,0,0,0,0,0,0,0,0,0,0,0,0,0,0,0,1,0,0,0,0,0,0,0,0,0,0,0,0,0,0,0,0,0,0,0,0,0,0,0,0,0,0,0,0,0,0,0,0,0,0,0,0,0,0,0,0,0,0,0,0,0,0,0,0,0,0,0,0,0,0,0,0,0,0,0,0,0,0,0,0,0,0,0,0,0,0,0,5,0,0,0,0,0,0,0,0,0,0,0,0,0,0,0,0,0,9
"10",2020-01-31,0,0,0,0,0,0,0,0,9,0,0,0,0,0,0,0,0,0,0,0,0,0,0,0,1,0,4,0,0,0,0,9783,0,0,0,0,0,0,0,0,0,0,0,0,0,0,0,0,0,0,0,0,0,0,0,0,1,5,0,0,5,0,0,0,0,0,0,0,0,0,12,0,0,1,0,0,0,0,0,2,0,15,0,0,0,0,0,0,0,0,0,0,0,0,7,0,8,0,0,0,0,0,0,0,0,0,0,0,0,0,1,0,0,0,0,0,0,0,0,0,0,0,0,0,1,0,0,0,11,0,2,0,0,0,0,0,0,0,0,13,0,0,0,0,0,1,0,0,1,0,0,10,0,19,0,0,0,0,0,0,0,0,4,2,0,7,0,0,2,0,0,0,0,0,0,0,0,0,0,0,0,0,0,0,0,0,0,0,0,0,0,0,0,0,0,0,0,0,0,0,0,0,213,0,0,0,0,0,0,0,0,0,0,0,0,0,0,0,0,0,0,0,0,0,0,0,0,0,0,0,0,0,0,0,0,0,0,0,0,0,0,0,0,0,0,0,0,0,0,0,0,0,0,0,0,0,0,0,0,0,0,0,0,0,0,0,0,0,0,0,0,0,0,0,0,0,0,0,0,0,0,0,0,0,0,0,0,0,0,0,0,0,0,0,0,0,0,0,0,0,0,0,0,0,0,0,0,0,0,0,0,0,0,0,0,0,0,0,0,0,0,0,0,0,0,0,0,0,0,0,0,0,0,0,0,0,0,0,0,0,0,0,0,0,0,0,0,0,0,0,2,0,0,0,0,0,0,0,0,0,0,0,0,0,0,0,0,0,0,0,0,0,0,214,0,0,0,0,0,0,0,0,0,0,0,0,0,0,0,0,0,0,0,0,0,0,0,0,0,0,0,0,0,0,0,0,0,0,0,0,0,0,0,0,0,0,0,0,0,0,0,0,0,1,0,0,0,0,0,0,0,0,0,0,0,0,0,0,0,0,0,0,0,0,0,0,0,0,0,0,0,0,0,0,0,0,0,0,0,0,0,0,0,0,0,0,0,0,0,0,0,0,0,0,0,0,0,0,0,0,0,0,0,0,0,0,0,0,0,0,0,0,0,0,0,5,0,0,0,0,0,0,0,0,0,0,0,0,0,0,0,0,0,10
"11",2020-02-01,0,0,0,0,0,0,0,0,12,0,0,0,0,0,0,0,0,0,0,0,0,0,0,0,1,0,4,0,0,0,0,11871,0,0,0,0,0,0,0,0,0,0,0,0,0,0,0,0,0,0,0,0,0,0,0,0,1,6,0,0,8,0,0,0,0,0,0,0,0,0,13,0,0,1,0,0,0,0,0,2,0,20,0,0,0,0,0,0,0,0,0,0,0,0,7,0,8,0,0,0,0,0,0,0,0,0,0,0,0,0,1,0,0,0,0,0,0,0,0,0,0,0,0,0,1,0,0,0,12,0,2,0,0,0,0,0,0,0,0,16,0,0,0,0,1,1,0,0,1,0,0,10,0,19,0,0,0,0,0,0,0,0,4,2,0,8,0,0,6,0,0,0,0,0,0,0,0,0,0,0,0,0,0,0,0,0,0,0,0,0,0,0,0,0,0,0,0,0,0,0,0,0,259,0,0,0,0,0,0,0,0,0,0,0,0,0,0,0,0,0,0,0,0,0,0,0,0,0,0,0,0,0,0,0,0,0,0,0,0,0,0,0,0,0,0,0,0,0,0,0,0,0,0,0,0,0,0,0,0,0,0,0,0,0,0,0,0,0,0,0,0,0,0,0,0,0,0,0,0,0,0,0,0,0,0,0,0,0,0,0,0,0,0,0,0,0,0,0,0,0,0,0,0,0,0,0,0,0,0,0,0,0,0,0,0,0,0,0,0,0,0,0,0,0,0,0,0,0,0,0,0,0,0,0,0,0,0,0,0,0,0,0,0,0,0,0,0,0,0,0,2,0,0,0,0,0,0,0,0,0,0,0,0,0,0,0,0,0,0,0,0,0,0,275,0,0,0,0,0,0,0,0,0,0,0,0,0,0,0,0,0,0,0,0,0,0,0,0,0,0,0,0,0,0,0,0,0,0,0,0,0,0,0,0,0,0,0,0,0,0,0,0,0,1,0,0,0,0,0,0,0,0,0,0,0,0,0,0,0,0,0,0,0,0,0,0,0,0,0,0,0,0,0,0,0,0,0,0,0,0,0,0,0,0,0,0,0,0,0,0,0,0,0,0,0,0,0,0,0,0,0,0,0,0,0,0,0,0,0,0,0,0,0,0,0,5,0,0,0,0,0,0,0,0,0,0,0,0,0,0,1,0,0,11
"12",2020-02-02,0,0,0,0,0,0,0,0,12,0,0,0,0,0,0,0,0,0,0,0,0,0,0,0,1,0,4,0,0,0,0,16607,0,0,0,0,0,0,0,0,0,0,0,0,0,0,0,0,0,0,0,0,0,0,0,0,1,6,0,0,10,0,0,0,0,0,0,0,0,0,15,0,0,2,0,0,0,0,0,2,0,20,0,0,0,0,0,0,0,0,0,0,0,0,8,0,8,0,0,0,0,0,0,0,0,0,0,0,0,0,1,0,0,0,0,0,0,0,0,0,0,0,0,0,2,0,0,0,15,0,2,0,0,0,0,0,0,0,0,18,0,0,0,0,1,1,0,0,1,0,0,10,0,19,0,0,0,0,0,0,0,0,5,2,0,8,0,0,6,0,0,0,0,0,0,0,0,0,0,0,0,0,0,0,0,0,0,0,0,0,0,0,0,0,0,0,0,0,0,0,0,0,361,0,0,0,0,0,0,0,0,0,0,0,0,0,0,0,0,0,0,0,0,0,0,0,0,0,0,0,0,0,0,0,0,0,0,0,0,0,0,0,0,0,0,0,0,0,0,0,0,0,0,0,0,0,0,0,0,0,0,0,0,0,0,0,0,0,0,0,0,0,0,0,0,0,0,0,0,0,0,0,0,0,0,0,0,0,0,0,0,0,0,0,0,1,0,0,0,0,0,0,0,0,0,0,0,0,0,0,0,0,0,0,0,0,0,0,0,0,0,0,0,0,0,0,0,0,0,0,0,0,0,0,0,0,0,0,0,0,0,0,0,0,0,0,0,0,0,0,2,0,0,0,0,0,0,0,0,0,0,0,0,0,0,0,0,0,0,0,0,0,0,463,0,0,0,0,0,0,0,0,0,0,0,0,0,0,0,0,0,0,0,0,0,0,0,0,0,0,0,0,0,0,0,0,0,0,0,0,0,0,0,0,0,0,0,0,0,0,0,0,0,1,0,0,0,0,0,0,0,0,0,0,0,0,0,0,0,0,0,0,0,0,0,0,0,0,0,0,0,0,0,0,0,0,0,0,0,0,0,0,0,0,0,0,0,0,0,0,0,0,0,0,0,0,0,0,0,0,0,0,0,0,0,0,0,0,0,0,0,0,0,0,0,5,0,0,0,0,0,0,0,0,0,0,0,0,0,0,1,0,0,12
"13",2020-02-03,0,0,0,0,0,0,0,0,12,0,0,0,0,0,0,0,0,0,0,0,0,0,0,0,1,0,4,0,0,0,0,19693,0,0,0,0,0,0,0,0,0,0,0,0,0,0,0,0,0,0,0,0,0,0,0,0,1,6,0,0,12,0,0,0,0,0,0,0,0,0,15,0,0,3,0,0,0,0,0,2,0,20,0,0,0,0,0,0,0,0,0,0,0,0,8,0,8,0,0,0,0,0,0,0,0,0,0,0,0,0,1,0,0,0,0,0,0,0,0,0,0,0,0,0,2,0,0,0,15,0,2,0,0,0,0,0,0,0,0,18,0,0,0,0,1,1,0,0,1,0,0,10,0,19,0,0,0,0,0,0,0,0,5,2,0,11,0,0,8,0,0,0,0,0,0,0,0,0,0,0,0,0,0,0,0,0,0,0,0,0,0,0,0,0,0,0,0,0,0,0,0,0,425,0,0,0,0,0,0,0,0,0,0,0,0,0,0,0,0,0,0,0,0,0,0,0,0,0,0,0,0,0,0,0,0,0,0,0,0,0,0,0,0,0,0,0,0,0,0,0,0,0,0,0,0,0,0,0,0,0,0,0,0,0,0,0,0,0,0,0,0,0,0,0,0,0,0,0,0,0,0,0,0,0,0,0,0,0,0,0,0,0,0,0,0,1,0,0,0,0,0,0,0,0,0,0,0,0,0,0,0,0,0,0,0,0,0,0,0,0,0,0,0,0,0,0,0,0,0,0,0,0,0,0,0,0,0,0,0,0,0,0,0,0,0,0,0,0,0,0,2,0,0,0,0,0,0,0,0,0,0,0,0,0,0,0,0,0,0,0,0,0,0,614,0,0,0,0,0,0,0,0,0,0,0,0,0,0,0,0,0,0,0,0,0,0,0,0,0,0,0,0,0,0,0,0,0,0,0,0,0,0,0,0,0,0,0,0,0,0,0,0,0,1,0,0,0,0,0,0,0,0,0,0,0,0,0,0,0,0,0,0,0,0,0,0,0,0,0,0,0,0,0,0,0,0,0,0,0,0,0,0,0,0,0,0,0,0,0,0,0,0,0,0,0,0,0,0,0,0,0,0,0,0,0,0,0,0,0,0,0,0,0,0,0,5,0,0,0,0,0,0,0,0,0,0,0,0,0,0,1,0,0,13
"14",2020-02-04,0,0,0,0,0,0,0,0,13,0,0,0,0,0,0,1,0,0,0,0,0,0,0,0,1,0,4,0,0,0,0,23680,0,0,0,0,0,0,0,0,0,0,0,0,0,0,0,0,0,0,0,0,0,0,0,0,1,6,0,0,12,0,0,0,0,0,0,0,0,0,17,0,0,3,0,0,0,0,0,2,0,22,0,0,0,0,0,0,0,0,0,0,0,0,10,0,10,0,0,0,0,0,0,0,0,0,0,0,0,0,1,0,0,0,0,0,0,0,0,0,0,0,0,0,2,0,0,0,16,0,2,0,0,0,0,0,0,0,0,24,0,0,0,0,1,1,0,0,1,0,0,11,0,25,0,0,0,0,0,0,0,0,5,2,0,11,0,0,8,0,0,0,0,0,0,0,0,0,0,0,0,0,0,0,0,0,0,0,0,0,0,0,0,0,0,0,0,0,0,0,0,0,490,0,0,0,0,0,0,0,0,0,0,0,0,0,0,0,0,0,0,0,0,0,0,0,0,0,0,0,0,0,0,0,0,0,0,0,0,0,0,1,0,0,0,0,0,0,0,0,0,0,0,0,0,0,0,0,0,0,0,0,0,0,0,0,0,0,0,0,0,0,0,0,0,0,0,0,0,0,0,0,0,0,0,0,0,0,0,0,0,0,0,0,0,1,0,0,0,0,0,0,0,0,0,0,0,0,0,0,0,0,0,0,0,0,0,0,0,0,0,0,0,0,0,0,0,0,0,0,0,0,0,0,0,0,0,0,0,0,0,0,0,0,0,0,0,0,0,0,2,0,0,0,0,0,0,0,0,0,0,0,0,0,0,0,0,0,0,0,0,0,0,843,0,0,0,0,0,0,0,0,0,0,0,0,0,0,0,0,0,0,0,0,0,0,0,0,0,0,0,0,0,0,0,0,0,0,0,0,0,0,0,0,0,0,0,0,0,0,0,0,0,1,0,0,0,0,0,0,0,0,0,0,0,0,0,0,0,0,0,0,0,0,0,0,0,0,0,0,0,0,0,0,0,0,0,0,0,0,0,0,0,0,0,0,0,0,0,0,0,0,0,0,0,0,0,0,0,0,0,0,0,0,0,0,0,0,0,0,0,0,0,0,0,5,0,0,0,0,0,0,0,0,0,0,0,0,0,0,1,0,0,14
"15",2020-02-05,0,0,0,0,0,0,0,0,13,0,0,0,0,0,0,1,0,0,0,0,0,0,0,0,1,0,5,0,0,0,0,27409,0,0,0,0,0,0,0,0,0,0,0,0,0,0,0,0,0,0,0,0,0,0,0,0,1,6,0,0,12,0,0,0,0,0,0,0,0,0,21,0,0,3,0,0,0,0,0,2,0,22,0,0,0,0,0,0,0,0,0,0,0,0,10,0,12,0,0,0,0,0,0,0,0,0,0,0,0,0,1,0,0,0,0,0,0,0,0,0,0,0,0,0,2,0,0,0,19,0,2,0,0,0,0,0,0,0,0,28,0,0,0,0,1,1,0,0,1,0,0,11,0,25,0,0,0,0,0,0,0,0,5,2,0,11,0,0,8,0,0,0,0,0,0,0,0,0,0,0,0,0,0,0,0,0,0,0,0,0,0,0,0,0,0,0,0,0,0,0,0,0,562,0,0,0,0,0,0,0,0,0,0,0,0,0,0,0,0,0,0,0,0,0,0,0,0,0,0,0,0,0,0,0,0,0,0,0,0,0,0,1,0,0,0,0,0,0,0,0,0,0,0,0,0,0,0,0,0,0,0,0,0,0,0,0,0,0,0,0,0,0,0,0,0,0,0,0,0,0,0,0,0,0,0,0,0,0,0,0,0,0,0,0,0,1,0,0,0,0,0,0,0,0,0,0,0,0,0,0,0,0,0,0,0,0,0,0,0,0,0,0,0,0,0,0,0,0,0,0,0,0,0,0,0,0,0,0,0,0,0,0,0,0,0,0,0,0,0,0,2,0,0,0,0,0,0,0,0,0,0,0,0,0,0,0,0,0,0,0,0,0,0,1115,0,0,0,0,0,0,0,0,0,0,0,0,0,0,0,0,0,0,0,0,0,0,0,0,0,0,0,0,0,0,0,0,0,0,0,0,0,0,0,0,0,0,0,0,0,0,0,0,0,1,0,0,0,0,0,0,0,0,0,0,0,0,0,0,0,0,0,0,0,0,0,0,0,0,0,0,0,0,0,0,0,0,0,0,0,0,0,0,0,0,0,0,0,0,0,0,0,0,0,0,0,0,0,0,0,0,0,0,0,0,0,0,0,0,0,0,0,0,0,0,0,5,0,0,0,0,0,0,0,0,0,0,0,0,0,0,1,0,0,15
"16",2020-02-06,0,0,0,0,0,0,0,0,14,0,0,0,0,0,0,1,0,0,0,0,0,0,0,0,1,0,5,0,0,0,0,30553,0,0,0,0,0,0,0,0,0,0,0,0,0,0,0,0,0,0,0,0,0,0,0,0,1,6,0,0,12,0,0,0,0,0,0,0,0,0,24,0,0,3,0,0,0,0,0,2,0,45,0,0,0,0,0,0,0,0,0,0,0,0,10,0,12,0,0,0,0,0,0,0,0,0,0,0,0,0,1,0,0,0,0,0,0,0,0,0,0,0,0,0,2,0,0,0,23,0,2,0,0,0,0,0,0,0,0,28,0,0,0,0,1,1,0,0,1,0,0,16,0,25,0,0,0,0,0,0,0,0,5,2,0,11,0,0,10,0,0,0,0,0,0,0,0,0,0,0,0,0,0,0,0,0,0,0,0,0,0,0,0,0,0,0,0,0,0,0,0,0,632,0,0,0,0,0,0,0,0,0,0,0,0,0,0,0,0,0,0,0,0,0,0,0,0,0,0,0,0,0,0,0,0,0,0,0,0,0,0,1,0,0,0,0,0,0,0,0,0,0,0,0,0,0,0,0,0,0,0,0,0,0,0,0,0,0,0,0,0,0,0,0,0,0,0,0,0,0,0,0,0,0,0,0,0,0,0,0,0,0,0,0,0,1,0,0,0,0,0,0,0,0,0,0,0,0,0,0,0,0,0,0,0,0,0,0,0,0,0,0,0,0,0,0,0,0,0,0,0,0,0,0,0,0,0,0,0,0,0,0,0,0,0,0,0,0,0,0,2,0,0,0,0,0,0,0,0,0,0,0,0,0,0,0,0,0,0,0,0,0,0,1476,0,0,0,0,0,0,0,0,0,0,0,0,0,0,0,0,0,0,0,0,0,0,0,0,0,0,0,0,0,0,0,0,0,0,0,0,0,0,0,0,0,0,0,0,0,0,0,0,0,1,0,0,0,0,0,0,0,0,0,0,0,0,1,0,0,0,0,0,0,0,0,0,0,0,0,0,0,0,0,0,0,0,0,0,0,0,0,0,0,0,0,0,0,0,0,0,0,0,0,0,0,0,0,0,0,0,0,0,0,0,0,0,0,0,0,0,0,0,0,1,0,5,0,0,0,0,0,0,0,0,0,0,0,0,0,0,1,0,0,16
"17",2020-02-07,0,0,0,0,0,0,0,0,15,0,0,0,0,0,0,1,0,0,0,0,0,0,0,0,1,0,7,0,0,0,0,34075,0,0,0,0,0,0,0,0,0,0,61,0,0,0,0,0,0,0,0,0,0,0,0,0,1,6,0,0,13,0,0,0,0,0,0,0,0,0,25,0,0,3,0,0,0,0,0,3,0,25,0,0,0,0,0,0,0,0,0,0,0,0,10,0,12,0,0,0,0,0,0,0,0,0,0,0,0,0,1,0,0,0,0,0,0,0,0,0,0,0,0,0,3,0,0,0,24,0,2,0,0,0,0,0,0,0,0,30,0,0,0,0,1,1,0,0,1,0,0,16,0,25,0,0,0,0,0,0,0,0,5,3,0,11,0,0,10,0,0,0,0,0,0,0,0,0,0,0,0,0,0,0,0,0,0,0,0,0,0,0,0,0,0,0,0,0,0,0,0,0,717,0,0,0,0,0,0,0,0,0,0,0,0,0,0,0,0,0,0,0,0,0,0,0,0,0,0,0,0,0,0,0,0,0,0,0,0,0,0,1,0,0,0,0,0,0,0,0,0,0,0,0,0,0,0,0,0,0,0,0,0,0,0,0,0,0,0,0,0,0,0,0,0,0,0,0,0,0,0,0,0,0,0,0,0,0,0,0,0,0,0,0,0,1,0,0,0,0,0,0,0,0,0,0,0,0,0,0,0,0,0,0,0,0,0,0,0,0,0,0,0,0,0,0,0,0,0,0,0,0,0,0,0,0,0,0,0,0,0,0,0,0,0,0,0,0,0,0,2,0,0,0,0,0,0,0,0,0,0,0,0,0,0,0,0,0,0,0,0,0,0,1998,0,0,0,0,0,0,0,0,0,0,0,0,0,0,0,0,0,0,0,0,0,0,0,0,0,0,0,0,0,0,0,0,0,0,0,0,0,0,0,0,0,0,0,0,0,0,0,0,0,1,0,0,0,0,0,0,0,0,0,0,0,0,1,0,1,0,0,0,0,0,0,0,0,0,0,0,0,0,0,0,0,0,0,0,0,0,0,0,0,0,0,0,0,0,0,0,1,0,0,0,0,0,0,0,0,0,0,0,0,0,0,0,0,0,0,0,0,0,0,1,0,5,0,0,0,0,0,0,0,0,0,0,0,0,0,0,1,0,0,17
"18",2020-02-08,0,0,0,0,0,0,0,0,15,0,0,0,0,0,0,1,0,0,0,0,0,0,0,0,1,0,7,0,0,0,0,36778,0,0,0,0,0,0,0,0,0,0,61,0,0,0,0,0,0,0,0,0,0,0,0,0,1,11,0,0,13,0,0,0,0,0,0,0,0,0,26,0,0,3,0,0,0,0,0,3,0,25,0,0,0,0,0,0,0,0,0,0,0,0,10,0,16,0,0,0,0,0,0,0,0,0,0,0,0,0,1,0,0,0,0,0,0,0,0,0,0,0,0,0,3,0,0,0,24,0,2,0,0,0,0,0,0,0,0,33,0,0,0,0,1,1,0,0,1,0,0,17,0,32,0,0,0,0,0,0,0,0,7,3,0,11,0,0,13,0,0,0,0,0,0,0,0,0,0,0,0,0,0,0,0,0,0,0,0,0,0,0,0,0,0,0,0,0,0,0,0,0,804,0,0,0,0,0,0,0,0,0,0,0,0,0,0,0,0,0,0,0,0,0,0,0,0,0,0,0,0,0,0,0,0,0,0,0,0,0,0,1,0,0,0,0,0,0,0,0,0,0,0,0,0,0,0,0,0,0,0,0,0,0,0,0,0,0,0,0,0,0,0,0,0,0,0,0,0,0,0,0,0,0,0,0,0,0,0,0,0,0,0,0,0,1,0,0,0,0,0,0,0,0,0,0,0,0,0,0,0,0,0,0,0,0,0,0,0,0,0,0,0,0,0,0,0,0,0,0,0,0,0,0,0,0,0,0,0,0,0,0,0,0,0,0,0,0,0,0,2,0,0,0,0,0,0,0,0,0,0,0,0,0,0,0,0,0,0,0,0,0,0,2595,0,0,0,0,0,0,0,0,0,0,0,0,0,0,0,0,0,0,0,0,0,0,0,0,0,0,0,0,0,0,0,0,0,0,0,0,0,0,0,0,0,0,0,0,0,0,0,0,0,1,0,0,0,0,0,0,0,0,0,0,0,0,1,0,1,0,0,0,0,0,0,0,0,0,0,0,0,0,0,0,0,0,0,0,0,0,0,0,0,0,0,0,0,0,0,0,1,0,0,0,0,0,0,0,0,0,0,2,0,0,0,0,0,1,0,0,0,0,0,1,0,10,0,0,0,0,0,0,0,0,0,0,0,0,0,0,1,0,0,18
"19",2020-02-09,0,0,0,0,0,0,0,0,15,0,0,0,0,0,0,1,0,0,0,0,0,0,0,0,1,0,7,0,0,0,0,39790,0,0,0,0,0,0,0,0,0,0,64,0,0,0,0,0,0,0,0,0,0,0,0,0,1,11,0,0,14,0,0,0,0,0,0,0,0,0,29,0,0,3,0,0,0,0,0,3,0,26,0,0,0,0,0,0,0,0,0,0,0,0,10,0,16,0,0,0,0,0,0,0,0,0,0,0,0,0,1,0,0,0,0,0,0,0,0,0,0,0,0,0,3,0,0,0,25,0,2,0,0,0,0,0,0,0,0,40,0,0,0,0,2,1,0,0,1,0,0,18,0,32,0,0,0,0,0,0,0,0,7,3,0,11,0,0,13,0,0,0,0,0,0,0,0,0,0,0,0,0,0,0,0,0,0,0,0,0,0,0,0,0,0,0,0,0,0,0,0,0,904,0,0,0,0,0,0,0,0,0,0,0,0,0,0,0,0,0,0,0,0,0,0,0,0,0,0,0,0,0,0,0,0,0,0,0,0,0,0,1,0,0,0,0,0,0,0,0,0,0,0,0,0,0,0,0,0,0,0,0,0,0,0,0,0,0,0,0,0,0,0,0,0,0,0,0,0,0,0,0,0,0,0,0,0,0,0,0,0,0,0,0,0,1,0,0,0,0,0,0,0,0,0,0,0,0,0,0,0,0,0,0,0,0,0,0,0,0,0,0,0,0,0,0,0,0,0,0,0,0,0,0,0,0,0,0,0,0,0,0,0,0,0,0,0,0,0,0,2,0,0,0,0,0,0,0,0,0,0,0,0,0,0,0,0,0,0,0,0,0,0,3218,0,0,0,0,0,0,0,0,0,0,0,0,0,0,0,0,0,0,0,0,0,0,0,0,0,0,0,0,0,0,0,0,0,0,0,0,0,0,0,0,0,0,0,0,0,0,0,0,0,1,0,0,0,0,0,0,0,0,0,0,0,0,1,0,1,0,0,0,0,0,0,0,0,0,0,0,0,0,0,0,0,0,0,0,0,0,0,0,0,0,0,0,0,0,0,0,3,0,0,0,0,0,0,0,0,0,0,2,0,0,0,0,0,1,0,0,0,0,0,1,0,10,0,0,0,0,0,0,0,0,0,0,0,3,0,0,1,0,0,19
"20",2020-02-10,0,0,0,0,0,0,0,0,15,0,0,0,0,0,0,1,0,0,0,0,0,0,0,0,1,0,7,0,0,0,0,42306,0,0,0,0,0,0,0,0,0,0,135,0,0,0,0,0,0,0,0,0,0,0,0,0,1,11,0,0,14,0,0,0,0,0,0,0,0,0,38,0,0,3,0,0,0,0,0,3,0,26,0,0,0,0,0,0,0,0,0,0,0,0,10,0,18,0,0,0,0,0,0,0,0,0,0,0,0,0,1,0,0,0,0,0,0,0,0,0,0,0,0,0,3,0,0,0,27,0,2,0,0,0,0,0,0,0,0,45,0,0,0,0,2,1,0,0,1,0,0,18,0,32,0,0,0,0,0,0,0,0,8,8,0,11,0,0,14,0,0,0,0,0,0,0,0,0,0,0,0,0,0,0,0,0,0,0,0,0,0,0,0,0,0,0,0,0,0,0,0,0,1011,0,0,0,0,0,0,0,0,0,0,0,0,0,0,0,0,0,0,0,0,0,0,0,0,0,0,0,0,0,0,0,0,0,0,0,0,0,0,1,0,0,0,0,0,0,0,0,0,0,0,0,0,0,0,0,0,0,0,0,0,0,0,0,0,0,0,0,0,0,0,0,0,0,0,0,0,0,0,0,0,0,0,0,0,0,0,0,0,0,0,0,0,1,0,0,0,0,0,0,0,0,0,0,0,0,0,0,0,0,0,0,0,0,0,0,0,0,0,0,0,0,0,0,0,0,0,0,0,0,0,0,0,0,0,0,0,0,0,0,0,0,0,0,0,0,0,0,2,0,0,0,0,0,0,0,0,0,0,0,0,0,0,0,0,0,0,0,0,0,0,3917,0,0,0,0,0,0,0,0,0,0,0,0,0,0,0,0,0,0,0,0,0,0,0,0,0,0,0,0,0,0,0,0,0,0,0,0,0,0,0,0,0,0,0,0,0,0,0,0,0,4,0,0,0,0,0,0,0,0,0,0,0,0,1,0,1,0,0,0,0,0,0,0,0,0,0,0,0,0,0,0,0,0,0,0,0,0,0,0,0,0,0,0,0,0,0,0,3,0,0,0,0,0,0,0,0,0,0,2,0,0,0,0,0,1,0,0,0,0,0,1,0,10,0,0,0,0,0,0,0,0,0,0,0,3,0,0,1,0,0,20
"21",2020-02-11,0,0,0,0,0,0,0,0,15,0,0,0,0,0,0,1,0,0,0,0,0,0,0,0,1,0,7,0,0,0,0,44327,0,0,0,0,0,0,0,0,0,0,135,0,0,0,0,0,0,0,0,0,0,0,0,0,1,11,0,0,16,0,0,0,0,0,0,0,0,0,49,0,0,3,0,0,0,0,0,3,0,26,0,0,0,0,0,0,0,0,0,0,0,0,10,0,18,0,0,0,0,0,0,0,0,0,0,0,0,0,1,0,0,0,0,0,0,0,0,0,0,0,0,0,3,0,0,0,28,0,2,0,0,0,0,0,0,0,0,47,0,0,0,0,2,1,0,0,1,0,0,18,0,33,0,0,0,0,0,0,0,0,8,8,0,12,0,0,15,0,0,0,0,0,0,0,0,0,0,0,0,0,0,0,0,0,0,0,0,0,0,0,0,0,0,0,0,0,0,0,0,0,1111,0,0,0,0,0,0,0,0,0,0,0,0,0,0,0,0,0,0,0,0,0,0,0,0,0,0,0,0,0,0,0,0,0,0,0,0,0,0,1,0,0,0,0,0,0,0,0,0,0,0,0,0,0,0,0,0,0,0,0,0,0,0,0,0,0,0,0,0,0,0,0,0,0,0,0,0,0,0,0,0,0,0,0,0,0,0,0,0,0,0,0,0,1,0,0,0,0,0,0,0,0,0,0,0,0,0,0,0,0,0,0,0,0,0,0,0,0,0,0,0,0,0,0,0,0,0,0,0,0,0,0,0,0,0,0,0,0,0,0,0,0,0,0,0,0,0,0,2,0,0,0,0,0,0,0,0,0,0,0,0,0,0,0,0,0,0,0,0,0,0,4635,0,0,0,0,0,0,0,0,0,0,0,0,0,0,0,0,0,0,0,0,0,0,0,0,0,0,0,0,0,0,0,0,0,0,0,0,0,0,0,0,0,0,0,0,0,0,0,0,0,9,0,0,0,0,0,0,0,0,0,0,0,0,1,0,3,0,0,0,0,0,0,0,0,0,0,0,0,0,0,0,0,0,0,0,0,0,0,0,0,0,0,0,0,0,0,0,3,0,0,0,0,0,0,0,0,0,0,9,0,0,0,0,0,1,0,0,0,0,0,1,0,10,0,0,0,0,0,0,0,0,0,0,0,3,0,0,6,0,0,21
"22",2020-02-12,0,0,0,0,0,0,0,0,15,0,0,0,0,0,0,1,0,0,0,0,0,0,0,0,1,0,7,0,0,0,0,44699,0,0,0,0,0,0,0,0,0,0,175,0,0,0,0,0,0,0,0,0,0,0,0,0,1,11,0,0,16,0,0,0,0,0,0,0,0,0,50,0,0,3,0,0,0,0,0,3,0,28,0,0,0,0,0,0,0,0,0,0,0,0,10,0,18,0,0,0,0,0,0,0,0,0,0,0,0,0,1,0,0,0,0,0,0,0,0,0,0,0,0,0,3,0,0,0,28,0,2,0,0,0,0,0,0,0,0,50,0,0,0,0,2,1,0,0,1,0,0,18,0,33,0,0,0,0,0,0,0,0,8,9,0,12,0,0,15,0,0,0,0,0,0,0,0,0,0,0,0,0,0,0,0,0,0,0,0,0,0,0,0,0,0,0,0,0,0,0,0,0,1116,0,0,0,0,0,0,0,0,0,0,0,0,0,0,0,0,0,0,0,0,0,0,0,0,0,0,0,0,0,0,0,0,0,0,0,0,0,0,1,0,0,0,0,0,0,0,0,0,0,0,0,0,0,0,0,0,0,0,0,0,0,0,0,0,0,0,0,0,0,0,0,0,0,0,0,0,0,0,0,0,0,0,0,0,0,0,0,0,0,0,0,0,1,0,0,0,0,0,0,0,0,0,0,0,0,0,0,0,0,0,0,0,0,0,0,0,0,0,0,0,0,0,0,0,0,0,0,0,0,0,0,0,0,0,0,0,0,0,0,0,0,0,0,0,0,0,0,2,0,0,0,0,0,0,0,0,0,0,0,0,0,0,0,1,0,1,0,0,0,0,5079,0,0,0,0,0,0,0,0,0,0,0,0,0,0,0,0,0,0,0,0,0,0,0,0,1,2,0,0,0,0,0,0,0,0,0,0,0,0,1,0,0,0,0,0,0,0,0,0,0,9,0,0,0,0,0,0,0,0,0,0,0,0,2,0,3,0,0,0,0,0,0,0,0,0,0,0,0,0,1,0,0,0,0,0,0,0,0,0,0,0,0,0,1,0,0,0,7,0,2,0,0,0,0,0,0,0,0,15,0,0,0,0,0,1,0,0,0,0,0,1,0,10,0,0,0,0,0,0,0,0,1,1,0,3,0,0,6,0,0,22
"23",2020-02-13,0,0,0,0,0,0,0,0,15,0,0,0,0,0,0,1,0,0,0,0,0,0,0,0,1,0,7,0,0,0,0,59832,0,0,0,0,0,0,0,0,0,0,175,0,0,0,0,0,0,0,0,0,0,0,0,0,1,11,0,0,16,0,0,0,0,0,0,0,0,0,53,0,0,3,0,0,0,0,0,3,0,28,0,0,0,0,0,0,0,0,0,0,0,0,10,0,19,0,0,0,0,0,0,0,0,0,0,0,0,0,1,0,0,0,0,0,0,0,0,0,0,0,0,0,3,0,0,0,28,0,2,0,0,0,0,0,0,0,0,58,0,0,0,0,2,1,0,0,1,0,0,18,0,33,0,0,0,0,0,0,0,0,8,9,0,13,0,0,16,0,0,0,0,0,0,0,0,0,0,0,0,0,0,0,0,0,0,0,0,0,0,0,0,0,0,0,0,0,0,0,0,0,1368,0,0,0,0,0,0,0,0,0,0,0,0,0,0,0,0,0,0,0,0,0,0,0,0,0,0,0,0,0,0,0,0,0,0,0,0,0,0,1,0,0,0,0,0,0,0,0,0,0,1,0,0,0,0,0,0,0,0,0,0,0,0,0,0,0,0,0,0,0,0,0,0,0,0,0,0,0,0,0,0,0,0,0,0,0,0,0,0,0,0,0,0,1,0,0,0,0,0,0,0,0,0,0,0,0,0,0,0,0,0,0,0,0,0,0,0,0,0,0,0,0,0,0,0,0,0,0,0,0,0,0,0,0,0,0,0,0,0,0,0,0,0,0,0,0,0,0,8,0,0,0,0,0,0,0,0,0,0,0,0,0,0,0,1,0,1,0,0,0,0,6213,0,0,0,0,0,0,0,0,0,0,0,0,0,0,0,0,0,0,0,0,0,0,0,0,1,2,0,0,1,0,0,0,0,0,0,0,0,0,1,0,0,0,0,0,0,0,0,0,0,9,0,0,0,0,0,0,0,0,0,0,0,0,3,0,3,0,0,0,0,0,0,0,0,0,0,0,0,0,1,0,0,0,0,0,0,0,0,0,0,0,0,0,1,0,0,0,7,0,2,0,0,0,0,0,0,0,0,15,0,0,0,0,0,1,0,0,0,0,0,1,0,12,0,0,0,0,0,0,0,0,1,1,0,3,0,0,7,0,0,23
"24",2020-02-14,0,0,0,0,0,0,0,0,15,0,0,0,0,0,0,1,0,0,0,0,0,0,0,0,1,0,7,0,0,0,0,66292,0,0,0,0,0,0,0,0,0,0,218,0,0,0,0,0,1,0,0,0,0,0,0,0,1,11,0,0,16,0,0,0,0,0,0,0,0,0,56,0,0,3,0,0,0,0,0,3,0,29,0,0,0,0,0,0,0,0,0,0,0,0,10,0,19,0,0,0,0,0,0,0,0,0,0,0,0,0,1,0,0,0,0,0,0,0,0,0,0,0,0,0,3,0,0,0,28,0,2,0,0,0,0,0,0,0,0,67,0,0,0,0,2,1,0,0,1,0,0,18,0,33,0,0,0,0,0,0,0,0,8,9,0,13,0,0,16,0,0,0,0,0,0,0,0,0,0,0,0,0,0,0,0,0,0,0,0,0,0,0,0,0,0,0,0,0,0,0,0,0,1520,0,0,0,0,0,0,0,0,0,0,0,0,0,0,0,0,0,0,0,0,0,0,0,0,0,0,0,0,0,0,0,0,0,0,0,0,0,0,1,0,0,0,0,0,0,0,0,0,0,1,0,0,0,0,0,0,0,0,0,0,0,0,0,0,0,0,0,0,0,0,0,0,0,0,0,0,0,0,0,0,0,0,0,0,0,0,0,0,0,0,0,0,1,0,0,0,0,0,0,0,0,0,0,0,0,0,0,0,0,0,0,0,0,0,0,0,0,0,0,0,0,0,0,0,0,0,0,0,0,0,0,0,0,0,0,0,0,0,0,0,0,0,0,0,0,0,0,8,0,0,0,0,0,0,0,0,0,0,0,0,0,0,0,1,0,1,0,0,0,0,7973,0,0,0,0,0,0,0,0,0,0,0,0,0,0,0,0,0,0,0,0,0,0,0,0,1,2,0,0,1,0,0,0,0,0,0,0,0,0,1,0,0,0,0,0,0,0,0,0,0,9,0,0,0,0,0,0,0,0,0,0,0,0,3,0,3,0,0,0,0,0,0,0,0,0,0,0,0,0,1,0,0,0,0,0,0,0,0,0,0,0,0,0,1,0,0,0,7,0,2,0,0,0,0,0,0,0,0,17,0,0,0,0,0,1,0,0,0,0,0,2,0,12,0,0,0,0,0,0,0,0,1,1,0,3,0,0,7,0,0,24
"25",2020-02-15,0,0,0,0,0,0,0,0,15,0,0,0,0,0,0,1,0,0,0,0,0,0,0,0,1,0,7,0,0,0,0,68347,0,0,0,0,0,0,0,0,0,0,285,0,0,0,0,0,1,0,0,0,0,0,0,0,1,12,0,0,16,0,0,0,0,0,0,0,0,0,56,0,0,3,0,0,0,0,0,3,0,43,0,0,0,0,0,0,0,0,0,0,0,0,10,0,22,0,0,0,0,0,0,0,0,0,0,0,0,0,1,0,0,0,0,0,0,0,0,0,0,0,0,0,3,0,0,0,28,0,2,0,0,0,0,0,0,0,0,72,0,0,0,0,2,1,0,0,1,0,0,18,0,33,0,0,0,0,0,0,0,0,8,9,0,13,0,0,16,0,0,0,0,0,0,0,0,0,0,0,0,0,0,0,0,0,0,0,0,0,0,0,0,0,0,0,0,0,0,0,0,0,1662,0,0,0,0,0,0,0,0,0,0,0,0,0,0,0,0,0,0,0,0,0,0,0,0,0,1,0,0,0,0,0,0,0,0,0,0,0,0,1,0,0,0,0,0,0,0,0,0,0,1,0,0,0,0,0,0,0,0,0,0,0,0,0,0,0,0,0,0,0,0,0,0,0,0,0,0,0,0,0,0,0,0,0,0,0,0,0,0,0,0,0,0,1,0,0,0,0,0,0,0,0,0,0,0,0,0,0,0,0,0,0,0,0,0,0,0,0,0,0,0,0,0,0,0,0,0,0,0,0,0,0,0,0,0,0,0,0,0,0,0,0,0,0,0,0,0,0,8,0,0,0,0,0,0,0,0,0,0,0,0,0,0,0,1,0,1,0,0,0,0,9294,0,0,0,0,0,0,0,0,0,0,0,0,0,0,0,0,0,0,0,0,0,0,0,0,1,4,0,0,1,0,0,0,0,0,0,0,0,0,1,0,0,0,0,0,0,0,0,0,0,12,0,0,0,0,0,0,0,0,0,0,0,0,3,0,7,0,0,0,0,0,0,0,0,0,0,0,0,0,1,0,0,0,0,0,0,0,0,0,0,0,0,0,1,0,0,0,9,0,2,0,0,0,0,0,0,0,0,18,0,0,0,0,2,1,0,0,0,0,0,2,0,12,0,0,0,0,0,0,0,0,3,1,0,3,0,0,7,0,0,25
"26",2020-02-16,0,0,0,0,0,0,0,0,15,0,0,0,0,0,0,1,0,0,0,0,0,0,0,0,1,0,7,0,0,0,0,70446,0,0,0,0,0,0,0,0,0,0,355,0,0,0,0,0,1,0,0,0,0,0,0,0,1,12,0,0,16,0,0,0,0,0,0,0,0,0,57,0,0,3,0,0,0,0,0,3,0,59,0,0,0,0,0,0,0,0,0,0,0,0,10,0,22,0,0,0,0,0,0,0,0,0,0,0,0,0,1,0,0,0,0,0,0,0,0,0,0,0,0,0,3,0,0,0,29,0,2,0,0,0,0,0,0,0,0,75,0,0,0,0,2,1,0,0,1,0,0,20,0,34,0,0,0,0,0,0,0,0,9,9,0,13,0,0,16,0,0,0,0,0,0,0,0,0,0,0,0,0,0,0,0,0,0,0,0,0,0,0,0,0,0,0,0,0,0,0,0,0,1765,0,0,0,0,0,0,0,0,0,0,0,0,0,0,0,0,0,0,0,0,0,0,0,0,0,1,0,0,0,0,0,0,0,0,0,0,0,0,1,0,0,0,0,0,0,0,0,0,0,1,0,0,0,0,0,0,0,0,0,0,0,0,0,0,0,0,0,0,0,0,0,0,0,0,0,0,0,0,0,0,0,0,0,0,0,0,0,0,0,0,0,0,1,0,0,0,0,0,0,0,0,0,0,0,0,0,0,0,0,0,0,0,0,0,0,0,0,0,0,1,0,0,0,0,0,0,0,0,0,0,0,0,0,0,0,0,0,0,0,0,0,0,0,0,0,0,0,8,0,0,0,0,0,0,0,0,0,0,0,0,0,0,0,1,0,1,0,0,0,0,10748,0,0,0,0,0,0,0,0,0,0,0,0,0,0,0,0,0,0,0,0,0,0,0,0,1,4,0,0,1,0,0,0,0,0,0,0,0,0,2,0,0,3,0,0,0,0,0,0,0,12,0,0,0,0,0,0,0,0,0,0,0,0,5,0,7,0,0,0,0,0,0,0,0,0,0,0,0,0,1,0,0,0,0,0,0,0,0,0,0,0,0,0,1,0,0,0,9,0,2,0,0,0,0,0,0,0,0,18,0,0,0,0,2,1,0,0,0,0,0,2,0,14,0,0,0,0,0,0,0,0,4,8,0,3,0,0,7,0,0,26
"27",2020-02-17,0,0,0,0,0,0,0,0,15,0,0,0,0,0,0,1,0,0,0,0,0,0,0,0,1,0,8,0,0,0,0,72364,0,0,0,0,0,0,0,0,0,0,454,0,0,0,0,0,1,0,0,0,0,0,0,0,1,12,0,0,16,0,0,0,0,0,0,0,0,0,60,0,0,3,0,0,0,0,0,3,0,66,0,0,0,0,0,0,0,0,0,0,0,0,10,0,22,0,0,0,0,0,0,0,0,0,0,0,0,0,1,0,0,0,0,0,0,0,0,0,0,0,0,0,3,0,0,0,30,0,2,0,0,0,0,0,0,0,0,77,0,0,0,0,2,1,0,0,1,0,0,22,0,35,0,0,0,0,0,0,0,0,9,9,0,13,0,0,16,0,0,0,0,0,0,0,0,0,0,0,0,0,0,0,0,0,0,0,0,0,0,0,0,0,0,0,0,0,0,0,0,0,1863,0,0,0,0,0,0,0,0,0,0,0,0,0,0,0,0,0,0,0,0,0,0,0,0,0,1,0,0,0,0,0,0,0,0,0,0,0,0,1,0,0,0,0,0,0,0,0,0,0,1,0,0,0,0,0,0,0,0,0,0,0,0,0,0,0,0,0,0,0,0,0,0,0,0,0,0,0,0,0,0,0,0,0,0,0,0,0,0,0,0,0,0,1,0,0,0,0,0,0,0,0,0,0,0,0,0,0,0,0,0,0,0,0,0,0,0,0,0,0,1,0,0,0,0,0,0,0,0,0,0,0,0,0,0,0,0,0,0,0,0,0,0,0,0,0,0,0,10,0,0,0,0,0,0,1,0,0,0,0,0,0,0,0,1,0,1,0,0,0,0,12455,0,0,0,0,0,0,0,0,0,0,0,0,0,0,0,0,0,0,0,0,0,0,0,0,1,4,0,0,1,0,0,0,0,0,0,0,0,0,2,0,0,3,0,0,0,0,0,0,0,12,0,0,0,0,0,0,0,0,0,0,0,0,5,0,7,0,0,0,0,0,0,0,0,0,0,0,0,0,1,0,0,0,0,0,0,0,0,0,0,0,0,0,1,0,0,0,10,0,2,0,0,0,0,0,0,0,0,24,0,0,0,0,2,1,0,0,0,0,0,2,0,15,0,0,0,0,0,0,0,0,4,8,0,3,0,0,7,0,0,27
"28",2020-02-18,0,0,0,0,0,0,0,0,15,0,0,0,0,0,0,1,0,0,0,0,0,0,0,0,1,0,8,0,0,0,0,74139,0,0,0,0,0,0,0,0,0,0,542,0,0,0,0,0,1,0,0,0,0,0,0,0,1,12,0,0,16,0,0,0,0,0,0,0,0,0,62,0,0,3,0,0,0,0,0,3,0,74,0,0,0,0,0,0,0,0,0,0,0,0,10,0,22,0,0,0,0,0,0,0,0,0,0,0,0,0,1,0,0,0,0,0,0,0,0,0,0,0,0,0,3,0,0,0,31,0,2,0,0,0,0,0,0,0,0,81,0,0,0,0,2,1,0,0,1,0,0,22,0,35,0,0,0,0,0,0,0,0,9,9,0,13,0,0,16,0,0,0,0,0,0,0,0,0,0,0,0,0,0,0,0,0,0,0,0,0,0,0,0,0,0,0,0,0,0,0,0,0,2002,0,0,0,0,0,0,0,0,0,0,0,0,0,0,0,0,0,0,0,0,0,0,0,0,0,1,0,0,0,0,0,0,0,0,0,0,0,0,1,0,0,0,0,0,0,0,0,0,0,1,0,0,0,0,0,0,0,0,0,0,0,0,0,0,0,0,0,0,0,0,0,0,0,0,0,0,0,0,0,0,0,0,0,0,0,0,0,0,0,0,0,0,1,0,0,0,0,0,0,0,0,0,0,0,0,0,0,0,0,0,0,0,0,0,0,0,0,0,0,1,0,0,0,0,0,0,0,0,0,0,0,0,0,0,0,0,0,0,0,0,0,0,0,0,0,0,0,10,0,0,0,0,0,0,1,0,0,0,0,0,0,0,0,1,0,1,0,0,0,0,14199,0,0,0,0,0,0,0,0,0,0,0,0,0,0,0,0,0,0,0,0,0,0,0,0,1,4,0,0,12,0,0,0,0,0,0,0,0,0,2,0,0,3,0,0,0,0,0,0,0,13,0,0,0,0,0,0,0,0,0,0,0,0,5,0,13,0,0,0,0,0,0,0,0,0,0,0,0,0,1,0,0,0,0,0,0,0,0,0,0,0,0,0,1,0,0,0,12,0,2,0,0,0,0,0,0,0,0,29,0,0,0,0,2,1,0,0,0,0,0,2,0,15,0,0,0,0,0,0,0,0,4,8,0,3,0,0,7,0,0,28
"29",2020-02-19,0,0,0,0,0,0,0,0,15,0,0,0,0,0,0,1,0,0,0,0,0,0,0,0,1,0,8,0,0,0,0,74546,0,0,0,0,0,0,0,0,0,0,621,0,0,0,0,0,1,0,0,0,0,0,0,0,1,12,0,0,16,0,0,0,0,0,0,0,0,0,63,0,0,3,0,2,0,0,0,3,0,84,0,0,0,0,0,0,0,0,0,0,0,0,10,0,22,0,0,0,0,0,0,0,0,0,0,0,0,0,1,0,0,0,0,0,0,0,0,0,0,0,0,0,3,0,0,0,31,0,2,0,0,0,0,0,0,0,0,84,0,0,0,0,2,1,0,0,1,0,0,23,0,35,0,0,0,0,0,0,0,0,9,9,0,13,0,0,16,0,0,0,0,0,0,0,0,0,0,0,0,0,0,0,0,0,0,0,0,0,0,0,0,0,0,0,0,0,0,0,0,0,2114,0,0,0,0,0,0,0,0,0,0,0,0,0,0,0,0,0,0,0,0,0,0,0,0,0,1,0,0,0,0,0,0,0,0,0,0,0,0,2,0,0,0,0,2,0,0,0,0,0,1,0,0,0,0,0,0,0,0,0,0,0,0,0,0,0,0,0,0,0,0,0,0,0,0,0,0,0,0,0,0,0,0,0,0,0,0,0,0,0,0,0,0,1,0,0,0,0,0,0,0,0,0,0,0,0,0,0,0,0,0,0,0,0,0,0,0,0,0,0,1,0,0,0,0,0,0,0,0,0,0,0,0,0,0,0,0,0,0,0,0,0,0,0,0,0,0,0,10,0,0,0,0,0,0,1,0,0,0,0,0,0,0,0,1,0,1,0,0,0,0,15952,0,0,0,0,0,0,0,0,0,0,1,0,0,0,0,0,0,0,0,0,0,0,0,0,1,4,0,0,12,0,0,0,0,0,0,0,0,0,5,0,0,3,0,0,0,0,0,0,0,18,0,0,0,0,0,0,0,0,0,0,0,0,5,0,15,0,0,0,0,0,0,0,0,0,0,0,0,0,1,0,0,0,0,0,0,0,0,0,0,0,0,0,1,0,0,0,12,0,2,0,0,0,0,0,0,0,0,34,0,0,0,0,2,1,0,0,0,0,0,2,0,15,0,0,0,0,0,0,0,0,4,8,0,3,0,0,7,0,0,29
"30",2020-02-20,0,0,0,0,0,0,0,0,15,0,0,0,0,0,0,1,0,0,0,0,0,0,0,0,1,0,8,0,0,0,0,74999,0,0,0,0,0,0,0,0,0,0,634,0,0,0,0,0,1,0,0,0,0,0,0,0,1,12,0,0,16,0,0,0,0,0,0,0,0,0,68,0,0,3,0,5,0,0,0,3,0,94,0,0,0,0,0,0,0,0,0,0,0,0,10,0,22,0,0,0,0,0,0,0,0,0,0,0,0,0,1,0,0,0,0,0,0,0,0,0,0,0,0,0,3,0,0,0,104,0,2,0,0,0,0,0,0,0,0,84,0,0,0,0,2,1,0,0,1,0,0,24,0,35,0,0,0,0,0,0,0,0,9,9,0,13,0,0,16,0,0,0,0,0,0,0,0,0,0,0,0,0,0,0,0,0,0,0,0,0,0,0,0,0,0,0,0,0,0,0,0,0,2236,0,0,0,0,0,0,0,0,0,0,2,0,0,0,0,0,0,0,0,0,0,0,0,0,0,1,0,0,0,0,0,0,0,0,0,0,0,0,2,0,0,0,0,2,0,0,0,0,0,1,0,0,0,0,0,0,0,0,0,0,0,0,0,0,0,0,0,0,0,0,0,0,0,0,0,0,0,0,0,0,0,0,0,0,0,0,0,0,0,0,0,0,1,0,0,0,1,0,0,0,0,0,0,0,0,0,0,0,0,0,0,0,0,0,0,0,0,0,0,1,0,0,0,0,0,0,0,0,0,0,0,0,0,0,0,0,0,0,0,0,0,0,0,0,0,0,0,10,0,0,0,0,0,0,1,0,0,0,0,0,0,0,0,1,0,1,0,0,0,0,18002,0,0,0,0,0,0,0,0,0,0,1,0,0,0,0,0,0,0,0,0,0,0,0,0,1,4,0,0,12,0,0,0,0,0,0,0,0,0,6,0,0,3,0,0,0,0,0,0,0,18,0,0,0,0,0,0,0,0,0,0,0,0,6,0,15,0,0,0,0,0,0,0,0,0,0,0,0,0,1,0,0,0,0,0,0,0,0,0,0,0,0,0,1,0,0,0,16,0,2,0,0,0,0,0,0,0,0,34,0,0,0,0,2,1,0,0,0,0,0,2,0,15,0,0,0,0,0,0,0,0,4,8,0,3,0,0,7,0,0,30
"31",2020-02-21,0,0,0,0,0,0,0,0,19,0,0,0,0,0,0,1,0,0,0,0,0,0,0,0,1,0,9,0,0,0,0,75472,0,0,0,0,0,0,0,0,0,0,634,0,0,0,0,0,1,0,0,0,0,0,0,0,1,12,0,0,16,0,0,0,0,0,0,0,0,0,68,0,0,3,0,18,0,0,1,20,0,105,0,0,0,0,0,0,0,1,0,0,0,0,10,0,22,0,0,0,0,0,0,0,0,0,0,0,0,0,1,0,0,0,0,0,0,0,0,0,0,0,0,0,3,0,0,0,204,0,2,0,0,0,0,0,0,0,0,85,0,0,0,0,2,1,0,0,1,0,0,26,0,35,0,0,0,0,0,0,0,0,9,9,0,15,0,0,16,0,0,0,0,0,0,0,0,0,0,0,0,0,0,0,0,0,0,0,0,0,0,0,0,0,0,0,0,0,0,0,0,0,2236,0,0,0,0,0,0,0,0,0,0,2,0,0,0,0,0,0,0,0,0,0,0,0,0,0,1,0,0,0,0,0,0,0,0,0,0,0,0,2,0,0,0,0,4,0,0,0,1,0,1,0,0,0,0,0,0,0,0,0,0,0,0,0,0,0,0,0,0,0,0,0,0,0,0,0,0,0,0,0,0,0,0,0,0,0,0,0,0,0,0,0,0,1,0,0,0,2,0,0,0,0,0,0,0,0,0,0,0,0,0,0,0,0,0,0,0,0,0,0,1,0,0,0,0,0,0,0,0,0,0,0,0,0,0,0,0,0,0,0,0,0,0,0,0,0,0,0,11,0,0,0,0,0,0,1,0,0,0,0,0,0,0,0,1,0,3,0,0,0,0,18693,0,0,0,0,0,0,0,0,0,0,1,0,0,0,0,0,0,0,0,0,0,0,0,0,1,4,0,0,14,0,0,0,0,0,0,0,0,0,5,0,0,3,0,0,0,0,0,0,0,22,0,0,0,0,0,0,0,0,0,0,0,0,6,0,15,0,0,0,0,0,0,0,0,0,0,0,0,0,1,0,0,0,0,0,0,0,0,0,0,0,0,0,1,0,0,0,16,0,2,0,0,0,0,0,0,0,0,37,0,0,0,0,2,1,0,0,0,0,0,2,0,17,0,0,0,0,0,0,0,0,4,8,0,5,0,0,14,0,0,31
"32",2020-02-22,0,0,0,0,0,0,0,0,22,0,0,0,0,0,0,1,0,0,0,0,0,0,0,0,1,0,9,0,0,0,0,76922,0,0,0,0,0,0,0,0,0,0,634,0,0,0,0,0,1,0,0,0,0,0,0,0,1,12,0,0,16,0,0,0,0,0,0,0,0,0,69,0,0,3,0,28,0,0,1,62,0,122,0,0,0,0,0,0,0,1,0,0,0,0,10,0,22,0,0,0,0,0,0,0,0,0,0,0,0,0,1,0,0,0,0,0,0,0,0,0,0,0,0,0,3,0,0,0,433,0,2,0,0,0,0,0,0,0,0,85,0,0,0,0,2,1,0,0,1,0,0,26,0,35,0,0,0,0,0,0,0,0,13,9,0,15,0,0,16,0,0,0,0,0,0,0,0,0,0,0,0,0,0,0,0,0,0,0,0,0,0,0,0,0,0,0,0,0,0,0,0,0,2441,0,0,0,0,0,0,0,0,0,0,2,0,0,0,0,0,0,0,0,0,0,0,0,0,0,1,0,0,0,0,0,0,0,0,0,0,0,0,2,0,0,0,0,5,0,0,0,2,0,1,0,0,0,0,0,0,0,0,0,0,0,0,0,0,0,0,0,0,0,0,0,0,0,0,0,0,0,0,0,0,0,0,0,0,0,0,0,0,0,0,0,0,1,0,0,0,2,0,0,0,0,0,0,0,0,0,0,0,0,0,0,0,0,0,0,0,0,0,0,1,0,0,0,0,0,0,0,0,0,0,0,0,0,0,0,0,0,0,0,0,0,0,0,0,0,0,0,11,0,0,0,0,0,0,1,0,0,0,0,0,0,0,0,1,0,3,0,0,0,0,22687,0,0,0,0,0,0,0,0,0,0,1,0,0,0,0,0,0,0,0,0,0,0,0,0,1,4,0,0,14,0,0,0,0,0,0,0,0,0,6,0,0,3,0,0,0,0,0,1,0,22,0,0,0,0,0,0,0,0,0,0,0,0,6,0,15,0,0,0,0,0,0,0,0,0,0,0,0,0,1,0,0,0,0,0,0,0,0,0,0,0,0,0,1,0,0,0,16,0,2,0,0,0,0,0,0,0,0,37,0,0,0,0,2,1,0,0,0,0,0,2,0,17,0,0,0,0,0,0,0,0,4,8,0,5,0,0,14,0,0,32
"33",2020-02-23,0,0,0,0,0,0,0,0,22,0,0,0,0,0,0,1,0,0,0,0,0,0,0,0,1,0,9,0,0,0,0,76938,0,0,0,0,0,0,0,0,0,0,691,0,0,0,0,0,1,0,0,0,0,0,0,0,1,12,0,0,16,0,0,0,0,0,0,0,0,0,74,0,0,3,0,43,0,0,1,155,0,147,0,0,0,0,0,0,0,1,0,0,0,0,10,0,22,0,0,0,0,0,0,0,0,0,0,0,0,0,1,0,0,0,0,0,0,0,0,0,0,0,0,0,3,0,0,0,602,0,2,0,0,0,0,0,0,0,0,89,0,0,0,0,2,1,0,0,1,0,0,28,0,35,0,0,0,0,0,0,0,0,13,9,0,15,0,0,16,0,0,0,0,0,0,0,0,0,0,0,0,0,0,0,0,0,0,0,0,0,0,0,0,0,0,0,0,0,0,0,0,0,2443,0,0,0,0,0,0,0,0,0,0,3,0,0,0,0,0,0,0,0,0,0,0,0,0,0,1,0,0,0,0,0,0,0,0,0,0,0,0,2,0,0,0,0,8,0,0,0,3,0,1,0,0,0,0,0,0,0,0,0,0,0,0,0,0,0,0,0,0,0,0,0,0,0,0,0,0,0,0,0,0,0,0,0,0,0,0,0,0,0,0,0,0,1,0,0,0,6,0,0,0,0,0,0,0,0,0,0,0,0,0,0,0,0,0,0,0,0,0,0,1,0,0,0,0,0,0,0,0,0,0,0,0,0,0,0,0,0,0,0,0,0,0,0,0,0,0,0,11,0,0,0,0,0,0,1,0,0,0,0,0,0,0,0,1,0,3,0,0,0,0,23170,0,0,0,0,0,0,0,0,0,0,0,0,0,0,0,0,0,0,0,0,0,0,0,0,1,4,0,0,14,0,0,0,0,0,0,0,0,0,11,0,0,3,0,0,0,0,0,2,0,22,0,0,0,0,0,0,0,0,0,0,0,0,6,0,15,0,0,0,0,0,0,0,0,0,0,0,0,0,1,0,0,0,0,0,0,0,0,0,0,0,0,0,1,0,0,0,18,0,2,0,0,0,0,0,0,0,0,51,0,0,0,0,2,1,0,0,0,0,0,2,0,21,0,0,0,0,0,0,0,0,4,8,0,5,0,0,14,0,0,33
"34",2020-02-24,1,0,0,0,0,0,0,0,22,0,0,1,0,0,0,1,0,0,0,0,0,0,0,0,1,0,10,0,0,0,0,77152,0,0,0,0,0,0,0,0,0,0,691,0,0,0,0,0,1,0,0,0,0,0,0,0,1,12,0,0,16,0,0,0,0,0,0,0,0,0,79,0,0,3,0,61,1,0,1,229,0,159,0,0,0,0,1,0,0,1,0,0,0,0,10,0,22,0,0,0,0,0,0,0,0,0,0,0,0,0,1,0,0,0,0,0,0,0,2,0,0,0,0,0,3,0,0,0,833,0,2,0,0,0,0,0,0,0,0,89,0,0,0,0,2,1,0,0,1,0,0,30,0,35,0,0,0,0,0,0,0,0,13,13,0,51,0,0,16,0,0,0,0,0,0,0,0,0,0,0,0,0,0,0,0,0,0,0,0,0,0,0,0,0,0,0,0,0,0,0,0,0,2593,0,0,0,0,0,0,0,0,0,0,3,0,0,0,0,0,0,0,0,0,0,0,0,0,0,1,0,0,0,0,0,0,0,0,0,0,0,0,2,0,0,0,0,12,0,0,0,7,0,1,0,0,0,0,0,0,0,0,0,0,0,0,0,0,0,0,0,0,0,0,0,0,0,0,0,0,0,0,0,0,0,0,0,0,0,0,0,0,0,0,0,0,1,0,0,0,8,0,0,0,0,0,0,0,0,0,0,0,0,0,0,0,0,0,0,0,0,0,0,1,0,0,0,0,0,0,0,0,0,0,0,0,0,0,0,0,0,0,0,0,0,0,0,0,0,0,0,11,0,0,0,0,0,0,1,0,0,0,0,0,0,0,0,1,0,3,0,0,0,0,24990,0,0,0,0,0,0,0,0,0,0,0,0,0,0,0,0,0,0,0,0,0,0,0,0,1,4,0,0,14,0,0,0,0,0,0,0,0,0,19,0,0,3,0,0,0,0,0,1,0,22,0,0,0,0,0,0,0,0,0,0,0,0,6,0,18,0,0,0,0,0,0,0,0,0,0,0,0,0,1,0,0,0,0,0,0,0,0,0,0,0,0,0,1,0,0,0,18,0,2,0,0,0,0,0,0,0,0,51,0,0,0,0,2,1,0,0,0,0,0,5,0,21,0,0,0,0,0,0,0,0,4,8,0,5,0,0,14,0,0,34
"35",2020-02-25,1,0,1,0,0,0,0,0,22,2,0,23,0,0,0,1,0,0,0,0,0,0,0,0,1,0,11,0,0,0,0,77660,0,0,0,0,1,0,0,0,0,0,691,0,0,0,0,0,1,0,0,0,0,0,0,0,1,14,0,0,17,0,0,0,0,0,0,0,0,0,84,0,0,3,0,95,1,0,1,322,0,170,0,0,0,0,11,0,0,1,0,0,0,0,10,0,22,0,0,0,0,0,0,0,0,0,0,0,0,0,1,0,0,0,0,0,0,0,2,0,0,0,0,0,3,0,0,0,977,0,2,0,0,0,0,0,0,0,0,91,0,0,0,0,6,1,0,0,1,1,0,31,0,37,0,0,0,0,0,0,0,0,13,13,0,51,0,0,16,0,0,0,0,0,0,0,0,0,0,0,0,0,0,0,0,0,0,0,0,0,0,0,0,0,0,0,0,0,0,0,0,0,2663,0,0,0,0,0,0,0,0,0,0,3,0,0,0,0,0,0,0,0,0,0,0,0,0,0,1,0,0,0,0,0,0,0,0,0,0,0,0,2,0,0,0,0,16,0,0,0,10,0,1,0,0,0,0,0,0,0,0,0,0,0,0,0,0,0,0,0,0,0,0,0,0,0,0,0,0,0,0,0,0,0,0,0,0,0,0,0,0,0,0,0,0,1,0,0,0,10,0,0,0,0,0,0,0,0,0,0,0,0,0,0,0,0,0,0,0,0,0,0,1,0,0,0,0,0,0,0,0,0,0,0,0,0,0,0,0,0,0,0,0,0,0,0,0,0,0,0,11,0,0,0,0,0,0,1,0,0,0,0,0,0,0,0,1,0,3,0,0,0,0,27650,0,0,0,0,0,0,0,0,0,0,0,0,0,0,0,0,0,0,0,0,0,0,0,0,1,11,0,0,14,0,0,0,0,0,0,0,0,0,19,0,0,3,0,0,0,0,0,1,0,22,0,0,0,0,0,0,0,0,0,0,0,0,7,0,18,0,0,0,0,0,0,0,0,0,0,0,0,0,1,0,0,0,0,0,0,0,0,0,0,0,0,0,1,0,0,0,22,0,2,0,0,0,0,0,0,0,0,53,0,0,0,0,2,1,0,0,0,0,0,5,0,22,0,0,0,0,0,0,0,0,4,8,0,6,0,0,16,0,0,35
"36",2020-02-26,1,0,1,0,0,0,0,0,22,2,0,33,0,0,0,1,0,0,0,0,1,0,0,0,1,0,11,0,0,0,0,78065,0,0,0,0,3,0,0,0,0,0,705,0,0,0,0,0,1,0,0,0,0,0,0,0,2,18,0,1,27,0,1,0,0,0,0,0,0,0,91,0,0,3,0,139,5,0,2,453,0,189,0,0,0,0,26,0,0,2,0,0,0,0,10,0,22,0,0,0,0,0,0,0,0,0,0,0,0,0,1,0,0,0,0,0,1,1,4,2,0,0,0,0,3,0,0,0,1261,1,2,0,0,0,0,0,0,0,0,93,0,0,0,0,13,1,0,0,2,1,0,32,0,40,0,0,0,0,0,0,0,0,13,13,0,57,0,0,16,0,0,0,0,0,0,0,0,0,0,0,0,0,0,0,0,0,0,0,0,0,0,0,0,0,0,0,0,0,0,0,0,0,2715,0,0,0,0,0,0,0,0,0,0,4,0,0,0,0,0,0,0,0,0,0,0,0,0,0,2,0,0,0,0,0,0,0,0,0,0,0,0,2,0,0,0,0,19,0,0,0,12,0,2,0,0,0,0,0,0,0,0,0,0,0,0,0,0,0,0,0,0,0,0,0,0,0,0,0,0,0,0,0,0,0,0,0,0,0,0,0,0,0,0,0,0,1,0,0,0,12,0,0,0,0,0,0,0,0,0,0,0,0,0,0,0,0,0,0,0,0,0,0,1,0,0,0,0,0,0,0,0,0,0,0,0,0,0,0,0,0,0,0,0,0,0,0,0,0,0,0,11,0,0,0,0,0,0,1,0,0,0,0,0,0,0,0,1,0,3,0,0,0,0,30053,0,0,0,0,0,0,0,0,0,0,10,0,0,0,0,0,0,0,0,0,0,0,0,0,1,11,0,0,15,0,0,0,0,0,0,0,0,0,24,0,0,3,0,49,0,0,0,3,0,22,0,0,0,0,0,0,0,0,0,0,0,0,7,0,18,0,0,0,0,0,0,0,0,0,0,0,0,0,1,0,0,0,0,0,0,0,0,0,0,0,0,0,1,0,0,0,22,0,2,0,0,0,0,0,0,0,0,62,0,0,0,0,2,1,0,0,0,0,0,5,0,22,0,0,0,0,0,0,0,0,4,8,0,6,0,0,16,0,0,36
"37",2020-02-27,1,0,1,0,0,0,0,0,23,3,0,33,0,0,0,1,0,0,0,0,1,0,0,0,1,0,13,0,0,0,0,78498,0,0,0,0,3,0,0,0,0,1,705,0,0,0,0,0,1,0,0,0,1,0,0,0,2,38,0,1,46,0,3,0,0,0,0,0,0,0,92,0,0,3,0,245,7,0,3,655,0,214,0,0,0,0,43,0,0,2,0,0,0,0,10,0,23,0,0,0,0,0,0,0,0,0,0,0,0,0,1,1,0,0,0,0,1,1,4,2,0,0,0,0,3,0,0,0,1766,1,2,0,0,0,1,0,0,0,0,93,0,0,0,0,15,1,0,0,7,8,0,32,0,40,0,0,0,0,0,0,0,0,13,15,0,58,0,0,16,0,0,0,0,0,0,0,0,0,0,0,0,0,0,0,0,0,0,0,0,0,0,0,0,0,0,0,0,0,0,0,0,0,2744,0,0,0,0,0,0,0,0,0,0,4,0,0,0,0,0,0,0,0,0,0,0,0,0,0,2,0,0,0,0,0,0,0,0,0,0,0,0,2,0,0,0,0,26,0,0,0,17,0,4,0,0,0,0,0,0,0,0,0,0,0,0,0,0,0,0,0,0,0,0,0,0,0,0,0,0,0,0,0,0,0,0,0,0,0,0,0,0,0,0,0,0,1,0,0,0,13,0,0,0,0,0,0,0,0,0,0,0,0,0,0,0,0,0,0,0,0,0,0,1,0,0,0,0,0,0,0,0,0,0,0,0,0,0,0,0,0,0,0,0,0,0,0,0,0,0,0,11,0,0,0,0,0,0,1,0,0,0,0,0,0,0,0,1,0,6,0,0,0,0,32898,0,0,0,0,0,0,0,0,0,0,10,0,0,0,0,0,0,0,0,0,0,0,0,0,1,11,0,0,16,0,0,0,0,0,0,0,0,0,24,0,0,3,0,49,0,0,1,45,0,22,0,0,0,0,0,0,0,0,0,0,0,0,8,0,18,0,0,0,0,0,0,0,0,0,0,0,0,0,1,0,0,0,0,0,0,0,0,0,0,0,0,0,1,0,0,0,22,0,2,0,0,0,0,0,0,0,0,62,0,0,0,0,2,1,0,0,0,0,0,5,0,22,0,0,0,0,0,0,0,0,4,8,0,6,0,0,16,0,0,37
"38",2020-02-28,1,0,1,0,0,0,0,0,23,3,0,36,0,0,1,1,0,0,0,0,1,0,0,0,1,0,14,0,0,0,0,78824,0,0,0,0,5,0,0,0,0,1,705,0,0,0,0,0,1,0,0,0,1,0,0,0,2,57,0,1,48,0,4,0,0,0,0,0,0,0,94,0,1,3,0,388,7,0,4,888,0,228,0,0,0,0,45,0,0,2,0,0,1,0,10,0,23,0,0,0,0,0,1,0,0,0,0,0,0,0,1,1,1,0,0,1,1,6,4,2,0,0,0,0,3,0,0,0,2337,3,2,0,0,0,1,0,0,0,0,93,0,0,0,0,32,1,0,0,7,8,0,34,0,41,0,0,0,0,0,0,0,0,19,20,0,60,0,0,16,0,0,0,0,0,0,0,0,0,0,0,0,0,0,0,0,0,0,0,0,0,0,0,0,0,0,0,0,0,0,0,0,0,2788,0,0,0,0,0,0,0,0,0,0,6,0,0,0,0,0,0,0,0,0,0,0,0,0,0,2,0,0,0,0,0,0,0,0,0,0,0,0,2,0,0,0,0,34,0,0,0,21,0,4,0,0,0,0,0,0,0,0,0,0,0,0,0,0,0,0,0,0,0,0,0,0,0,0,0,0,0,0,0,0,0,0,0,0,0,0,0,0,0,0,0,0,1,0,0,0,13,0,0,0,0,0,0,0,0,0,0,0,0,0,0,0,0,0,0,0,0,0,0,1,0,0,0,0,0,0,0,0,0,0,0,0,0,0,0,0,0,0,0,0,0,0,0,0,0,0,0,11,0,0,0,0,0,0,1,0,0,0,0,0,0,0,0,1,0,6,0,0,0,0,36291,0,0,0,0,0,0,0,0,0,0,10,0,0,0,0,0,1,0,0,0,0,0,0,0,1,11,0,0,16,0,0,0,0,0,0,0,0,0,30,0,0,3,0,73,0,0,1,46,0,22,0,0,0,0,0,0,0,0,0,0,0,0,8,0,18,0,0,0,0,0,0,0,0,0,0,0,0,0,1,0,0,0,0,0,0,0,0,0,0,0,0,0,1,0,0,0,22,0,2,0,0,0,0,0,0,0,0,62,0,0,0,0,2,1,0,0,0,0,0,6,0,28,0,0,0,0,0,0,0,0,5,8,0,7,0,0,16,0,0,38
"39",2020-02-29,1,0,1,0,0,0,0,0,25,9,0,41,0,0,1,1,0,0,0,0,2,0,0,0,1,0,20,0,0,0,0,79251,0,0,0,0,6,0,0,0,0,3,705,0,0,0,0,0,1,0,0,0,1,0,0,0,3,100,0,1,79,0,4,0,0,0,0,0,0,0,95,0,1,3,0,593,13,1,7,1128,0,241,0,0,0,0,45,0,0,4,0,0,1,1,10,0,25,0,0,0,0,0,4,0,1,0,0,0,0,0,1,6,1,0,0,1,1,15,6,4,0,0,0,0,3,0,0,1,3150,3,2,0,0,0,1,0,0,0,0,102,0,0,0,0,45,1,0,0,12,18,0,39,0,42,0,0,0,0,0,0,0,0,21,23,0,68,0,0,16,0,0,0,0,0,0,0,0,0,0,0,0,0,0,0,0,0,0,0,0,0,0,0,0,0,0,0,0,0,0,0,0,0,2835,0,0,0,0,0,0,0,0,0,0,6,0,0,0,0,0,0,0,0,0,0,0,0,0,0,2,0,0,0,0,0,0,0,0,0,0,0,0,2,0,0,0,0,43,0,0,0,29,0,5,0,0,0,0,0,0,0,0,0,0,0,0,0,0,0,0,0,0,0,0,0,0,0,0,0,0,0,0,0,0,0,0,0,0,0,0,0,0,0,0,0,0,1,0,0,0,16,0,0,0,0,0,0,0,0,0,0,0,0,0,0,0,0,0,0,0,0,0,0,1,0,0,0,0,0,0,0,0,0,0,0,0,0,1,0,0,0,0,0,0,0,0,0,0,0,0,0,11,0,0,0,0,0,0,1,0,0,0,0,0,0,0,0,1,0,6,0,0,0,0,39279,0,0,0,0,0,0,0,0,0,0,10,0,0,0,0,0,1,0,0,0,0,0,0,0,1,12,0,0,16,0,0,0,0,0,0,0,0,0,33,0,0,3,0,123,0,0,1,46,0,32,0,0,0,0,0,0,0,0,0,0,0,0,8,0,18,0,0,0,0,0,0,0,0,0,0,0,0,0,1,0,0,0,0,0,0,0,1,0,0,0,0,0,1,0,0,0,27,0,2,0,0,0,0,0,0,0,0,72,0,0,0,0,2,1,0,0,0,0,0,9,0,28,0,0,0,0,0,0,0,0,5,8,0,7,0,0,16,0,0,39
"40",2020-03-01,1,0,1,0,0,0,0,1,27,14,3,47,0,0,1,2,0,0,0,0,2,0,0,0,1,0,24,0,0,0,0,79826,0,0,0,0,7,0,0,3,0,4,705,0,0,1,0,6,2,0,0,0,1,0,0,0,6,130,0,3,130,0,7,0,0,0,0,0,0,0,96,0,3,3,0,978,19,1,10,1694,0,256,0,0,0,0,45,0,0,10,0,0,1,1,10,0,29,0,0,0,0,0,5,0,1,0,0,0,0,0,1,10,1,0,0,1,1,19,6,4,0,0,0,0,3,0,0,3,3736,3,2,0,0,0,1,0,0,0,0,106,0,0,0,0,84,1,0,0,14,27,0,40,0,42,0,0,0,0,0,0,0,0,21,36,0,74,0,0,16,0,0,0,0,0,0,0,0,0,0,1,0,0,0,0,0,0,0,0,0,0,0,0,0,0,0,0,0,0,0,0,0,0,2870,0,0,0,0,0,0,0,0,0,0,6,0,0,0,0,0,0,0,0,0,0,0,0,0,0,2,0,0,0,0,0,0,0,0,0,0,0,0,2,0,0,0,0,54,0,0,0,34,0,6,0,0,0,0,0,0,0,0,0,0,0,0,0,0,0,0,0,0,0,0,0,0,0,0,0,0,0,0,0,0,0,0,0,0,0,0,0,0,0,0,0,0,1,0,0,0,17,0,0,0,0,0,0,0,0,0,0,0,0,0,0,0,0,0,0,0,0,0,0,1,0,1,0,0,0,0,0,0,0,0,0,0,0,1,0,0,0,0,0,0,0,0,0,0,0,0,0,11,0,0,0,0,0,0,1,0,0,0,0,0,0,0,0,1,0,6,0,0,0,0,42118,0,0,0,0,0,0,0,0,0,0,10,0,0,0,0,0,1,0,0,0,0,0,0,0,1,12,0,0,16,0,0,0,0,0,0,0,0,0,36,0,0,3,0,175,0,0,1,83,0,32,0,0,0,0,0,0,0,0,0,0,0,0,8,0,18,0,0,0,0,0,0,0,0,0,0,0,0,0,1,0,0,0,0,0,0,0,1,0,0,0,0,0,1,0,0,0,30,0,2,0,0,0,0,0,0,0,0,72,0,0,0,0,2,1,0,0,0,0,0,9,0,28,0,0,0,0,0,0,0,0,5,8,0,7,0,0,16,0,0,40
"41",2020-03-02,1,0,3,1,0,0,0,1,30,18,3,49,0,0,1,8,0,0,0,0,2,0,0,0,1,0,27,0,0,0,0,80026,0,0,0,0,7,0,0,3,0,4,705,0,0,1,0,6,2,0,0,0,1,0,0,0,6,191,0,3,159,0,7,0,0,0,0,0,0,0,100,0,6,5,2,1501,26,1,10,2036,0,274,0,0,0,0,56,0,1,13,0,0,1,1,10,0,29,0,0,0,0,0,5,0,1,0,0,1,0,0,1,18,1,0,0,1,1,25,6,4,0,0,0,0,3,0,2,3,4335,3,3,0,0,0,8,1,1,0,0,108,0,0,0,0,120,1,0,0,15,42,0,41,0,43,0,0,0,0,0,0,0,0,21,40,0,98,0,0,16,0,0,0,0,0,0,0,0,0,0,1,0,0,0,0,0,0,0,0,0,0,0,0,0,0,0,0,0,0,0,0,0,0,2912,0,0,0,0,0,0,0,0,0,0,6,0,0,0,0,0,0,0,0,0,0,0,0,0,0,3,0,0,0,0,0,0,0,0,0,0,0,0,2,0,0,0,0,66,0,0,0,52,0,6,0,0,0,0,0,0,0,0,0,0,0,0,0,0,0,0,0,0,0,0,0,0,0,0,0,0,0,0,0,0,0,0,0,0,0,0,0,0,0,0,0,0,1,0,0,0,28,0,0,0,0,0,0,0,0,0,0,0,0,0,0,0,0,0,0,0,0,0,0,1,0,1,0,0,0,0,0,0,0,0,0,0,0,6,0,0,0,0,0,0,0,0,0,0,0,0,0,11,0,0,0,0,0,0,1,0,0,0,0,0,0,0,0,1,0,6,0,0,0,0,44810,0,0,0,0,0,0,0,0,0,0,10,0,0,0,0,0,1,0,0,0,0,0,0,0,1,12,0,0,16,0,0,0,0,0,0,0,0,0,36,0,0,3,0,291,0,0,1,149,0,32,0,0,0,0,0,0,0,0,0,0,0,0,8,0,18,0,0,0,0,0,0,0,0,0,0,0,0,0,1,0,0,0,0,0,0,0,1,0,0,0,0,0,1,0,0,0,30,0,2,0,0,0,0,0,0,0,0,78,0,0,0,0,2,1,0,0,0,0,0,12,0,31,0,0,0,0,0,0,0,0,5,8,0,7,0,0,16,0,0,41
"42",2020-03-03,1,0,5,1,0,0,1,1,39,21,3,49,0,0,1,13,0,0,0,0,2,0,0,0,1,0,30,0,0,0,1,80151,0,0,0,0,9,0,0,5,0,6,706,0,0,1,0,7,2,0,0,0,2,0,0,0,6,204,0,3,196,0,7,0,0,0,0,0,0,0,100,0,11,5,2,2336,32,2,12,2502,0,293,1,0,0,0,56,0,1,13,0,0,1,1,10,0,36,0,0,0,0,0,5,0,1,0,0,1,0,0,1,24,1,0,0,1,1,32,12,5,0,0,0,0,3,0,2,7,5186,3,3,0,0,0,10,1,2,0,0,110,0,0,0,0,165,1,0,0,21,56,0,42,0,43,0,0,0,0,0,0,0,1,27,51,0,118,0,0,16,0,0,0,0,0,0,0,0,0,0,1,0,0,0,0,0,0,0,0,0,0,0,0,0,0,0,0,0,0,0,0,0,0,2945,0,0,0,0,0,0,0,0,0,0,6,0,0,0,0,0,0,0,0,0,0,0,0,0,0,4,0,0,0,0,0,0,0,0,0,0,0,0,2,0,0,0,0,77,0,0,0,79,0,6,0,0,0,0,0,0,0,0,0,0,0,0,0,0,0,0,0,0,0,0,0,0,0,0,0,0,0,0,0,0,0,0,0,0,0,0,0,0,0,0,0,0,1,0,0,0,28,0,0,0,0,0,1,0,0,0,0,0,0,0,0,0,1,0,0,0,0,0,0,1,0,1,0,0,0,0,0,0,0,0,0,0,0,7,0,0,0,0,0,0,0,0,0,0,0,0,0,11,0,0,0,0,0,0,1,0,0,0,0,0,0,0,0,1,0,6,0,0,0,0,47404,0,0,0,0,0,0,0,0,0,0,10,0,0,0,0,0,1,0,0,0,0,0,0,0,1,12,0,0,16,0,0,0,0,0,0,0,0,0,37,0,0,3,0,291,0,0,1,160,0,43,0,0,0,0,0,0,0,0,0,0,0,0,9,0,22,0,0,0,0,0,1,0,0,0,0,0,0,0,1,0,0,0,0,0,0,0,2,0,0,0,0,0,1,0,0,0,30,0,2,0,0,0,0,0,0,0,0,78,0,0,0,0,2,1,0,0,0,2,0,12,0,31,0,0,0,0,0,0,0,0,5,8,0,7,0,0,16,0,0,42
"43",2020-03-04,1,0,12,1,0,0,1,1,52,29,3,52,0,0,6,23,0,0,0,0,4,0,0,0,1,0,33,0,0,0,1,80271,0,0,0,0,10,0,0,8,0,11,706,0,0,1,0,10,2,0,0,0,2,0,0,0,6,288,0,3,262,0,9,0,0,0,0,0,0,0,105,2,26,28,2,2922,35,6,15,3089,0,331,1,0,0,0,56,0,1,13,0,1,1,1,10,0,50,0,0,0,0,0,5,0,1,0,0,1,0,0,1,38,3,0,0,1,1,56,15,5,0,0,0,0,3,1,5,8,5621,4,3,0,0,0,16,1,4,0,0,110,0,0,0,0,222,1,0,0,35,90,0,42,0,43,0,0,0,0,1,0,0,1,27,86,0,149,0,0,16,0,0,0,0,0,0,0,0,0,0,2,0,0,0,0,0,0,0,0,0,0,0,0,0,0,0,0,0,0,0,0,0,0,2981,0,0,0,0,0,0,0,0,0,0,6,0,0,0,0,0,0,0,0,0,0,0,0,0,0,4,0,0,0,0,0,0,0,0,0,0,0,0,2,0,0,0,0,92,2,0,0,107,0,6,0,0,0,0,0,0,0,0,0,0,0,0,0,0,0,0,0,0,0,0,0,0,0,0,0,0,0,0,0,0,0,0,0,0,0,0,0,0,0,0,0,0,1,0,0,0,35,0,0,0,0,0,1,0,0,0,0,0,0,0,0,0,2,0,0,0,0,0,0,1,0,1,0,0,0,0,0,0,0,0,0,0,0,11,0,0,0,0,0,0,0,0,0,0,0,0,0,11,0,0,0,0,0,0,1,0,0,0,0,0,0,0,0,1,0,6,0,0,0,0,49955,0,0,0,0,0,0,0,0,0,0,10,0,0,0,0,0,1,0,0,0,0,0,0,0,1,12,0,0,16,0,0,0,0,0,0,0,0,0,37,0,0,3,0,552,0,0,1,276,0,43,0,0,0,0,0,0,0,1,0,0,0,0,9,0,22,0,0,0,0,0,1,0,0,0,0,0,0,0,1,0,0,0,0,0,0,0,2,0,0,0,0,0,1,0,0,0,41,1,2,0,0,0,0,0,0,0,0,78,0,0,0,0,2,1,0,0,0,3,0,12,0,31,0,0,0,0,0,0,0,0,5,8,0,7,0,0,16,0,0,43
"44",2020-03-05,1,0,12,1,0,0,1,1,55,41,6,55,0,0,6,50,0,0,0,2,4,0,0,0,1,0,37,0,0,0,4,80422,0,0,0,0,10,0,0,12,0,11,706,0,0,1,0,13,3,0,0,0,3,0,0,0,12,380,0,4,482,0,31,0,0,0,0,0,0,0,105,2,34,30,2,3513,35,6,20,3858,0,360,1,0,0,0,58,0,1,16,0,1,1,1,10,0,50,0,0,0,0,0,5,0,1,0,0,2,0,0,1,82,3,0,0,1,1,87,16,5,0,0,0,0,3,1,8,8,6088,6,4,0,0,0,21,5,4,0,0,117,0,2,0,1,259,1,0,0,94,114,0,44,0,47,0,0,0,0,1,0,0,1,29,116,0,217,0,0,16,0,0,0,0,0,0,0,0,0,0,2,0,0,0,0,0,0,0,0,0,0,0,0,0,0,0,0,0,0,0,0,0,0,3013,0,0,0,0,0,0,0,0,0,0,6,0,0,0,0,0,0,0,0,0,0,0,0,0,0,6,0,0,0,0,0,0,0,0,0,0,0,0,2,0,0,0,0,107,2,0,0,148,0,6,0,0,0,0,0,0,0,0,0,0,0,0,0,0,0,0,0,0,0,0,0,0,0,0,0,0,0,0,0,0,0,0,0,0,0,0,0,0,0,0,0,0,1,0,0,0,35,0,0,0,0,0,1,0,0,0,0,0,0,0,0,0,3,0,0,0,0,1,0,1,0,1,0,0,0,0,0,0,0,0,0,1,0,12,0,0,0,0,0,0,0,0,0,0,0,0,0,21,0,0,0,0,0,0,1,0,0,0,0,0,0,0,0,1,0,6,0,0,0,0,52240,0,0,0,0,0,0,0,0,0,0,10,0,0,0,0,0,1,0,0,0,0,0,0,0,1,12,0,0,16,0,0,0,0,0,0,0,0,0,43,0,0,3,0,739,0,0,1,414,0,43,0,0,0,0,0,0,0,1,0,0,0,0,9,0,22,0,0,0,0,0,1,0,0,0,0,0,0,0,1,0,0,0,0,0,0,0,2,0,0,0,0,0,1,0,0,0,41,1,2,0,0,0,0,0,0,0,0,78,0,0,0,0,2,1,0,0,0,3,0,12,0,31,0,0,0,0,0,0,0,0,5,8,0,7,0,0,16,0,0,44
"45",2020-03-06,1,0,17,1,0,0,2,1,60,55,6,60,0,0,6,109,0,1,0,2,13,0,0,0,1,1,49,0,0,0,4,80573,1,0,1,0,11,0,0,18,0,24,696,0,0,2,0,13,15,0,0,0,10,0,0,0,15,656,0,4,670,0,45,0,0,0,0,0,1,0,107,2,43,31,4,4747,40,18,37,4636,0,420,1,0,0,0,58,0,1,22,0,1,1,2,10,0,83,0,0,0,0,0,6,0,1,0,0,2,0,0,1,128,4,0,0,1,3,108,16,6,0,0,0,1,5,5,13,8,6593,9,13,0,0,0,21,5,4,1,0,130,1,7,0,1,400,1,0,0,101,214,0,45,0,48,0,0,1,0,1,0,0,1,29,164,0,262,0,0,16,0,0,0,0,0,0,0,0,0,0,2,0,0,0,0,0,0,0,0,0,0,0,0,0,0,0,0,0,0,0,0,0,0,3042,0,0,0,0,0,0,0,0,0,0,6,0,0,0,0,0,0,0,0,0,0,0,0,0,0,9,0,0,0,0,0,0,0,0,0,0,0,0,2,0,0,0,0,124,3,0,0,197,0,6,0,0,0,0,0,0,0,0,0,0,0,0,0,0,0,0,0,0,0,0,0,0,0,0,0,0,0,0,0,1,0,0,0,0,0,0,0,0,0,0,0,0,1,0,0,0,42,0,0,0,0,0,1,0,0,0,0,0,0,0,0,0,5,0,0,0,0,1,0,1,0,1,0,0,0,0,0,0,0,0,0,2,0,14,0,0,0,0,0,0,0,0,0,0,0,0,0,21,0,0,4,0,0,0,1,0,0,0,0,0,0,0,0,1,0,6,0,0,0,0,53888,0,0,0,0,0,0,0,0,0,1,40,0,0,0,0,0,1,0,0,0,0,0,0,0,1,12,0,0,17,0,0,0,0,0,0,0,0,0,46,0,0,3,0,913,0,0,2,523,0,46,0,0,0,0,0,0,0,1,0,0,0,0,10,0,22,0,0,0,0,0,1,0,0,0,0,0,0,0,1,0,0,0,0,0,0,0,2,0,0,0,0,0,1,0,0,0,135,1,2,0,0,0,0,0,0,0,0,78,0,0,0,0,2,1,0,0,0,3,0,12,0,31,0,0,0,0,0,0,0,0,5,8,0,7,0,0,16,0,0,45
"46",2020-03-07,1,0,17,1,0,0,8,1,63,79,9,85,0,0,6,169,0,1,0,3,13,0,0,0,1,1,54,0,0,0,4,80652,1,0,1,0,12,0,0,19,0,24,696,0,0,2,0,13,15,0,0,0,10,0,0,0,15,957,0,4,799,0,46,0,0,0,0,0,1,0,108,4,50,34,4,5823,54,18,43,5883,0,461,1,0,0,0,61,0,1,22,0,1,1,2,10,0,93,0,3,2,0,0,6,0,1,0,0,2,0,0,1,188,5,0,0,1,3,147,16,6,0,0,0,1,6,5,20,8,7041,9,13,0,0,0,23,5,4,1,0,138,1,7,0,1,500,1,0,0,161,268,0,45,0,50,0,0,1,0,1,0,0,1,45,207,0,402,0,0,18,0,0,0,0,0,0,0,0,0,0,2,0,0,0,0,0,0,0,0,0,0,0,0,0,0,0,0,0,0,0,0,0,0,3070,0,0,0,0,0,0,0,0,0,0,6,0,0,0,0,0,0,0,0,0,0,0,0,0,0,11,0,0,0,0,0,0,0,0,0,0,0,0,2,0,0,0,0,145,4,0,0,233,0,6,0,0,0,0,0,0,0,0,0,0,0,0,0,0,0,0,0,0,0,0,0,0,0,0,0,0,0,0,0,1,0,0,0,0,0,0,0,0,0,0,0,0,1,0,0,0,44,0,0,0,0,0,1,0,0,0,0,0,0,0,0,0,10,0,0,0,0,1,0,1,0,1,0,0,0,0,0,0,0,0,0,2,0,17,0,0,0,0,0,0,0,0,0,0,0,0,0,21,0,0,4,0,0,0,1,0,0,0,0,0,0,0,0,1,0,8,0,0,0,0,55478,0,0,0,0,0,0,0,0,0,1,40,0,0,0,0,0,1,0,0,0,0,0,0,0,1,12,0,0,18,0,0,0,0,0,0,0,0,0,51,0,0,3,0,1669,0,0,2,589,0,76,0,0,0,0,0,0,0,1,0,0,0,0,10,0,23,0,0,0,0,0,1,0,0,0,0,0,0,0,1,0,0,0,0,0,0,0,2,0,0,0,0,0,1,0,0,0,135,3,2,0,0,0,0,0,0,0,0,78,0,0,0,0,30,1,0,0,0,3,0,12,0,31,0,0,0,0,0,0,0,0,7,18,0,7,0,0,16,0,0,46
"47",2020-03-08,4,0,19,1,0,0,12,1,76,104,9,85,3,0,6,200,0,1,0,3,20,0,4,0,2,2,64,0,0,0,8,80699,1,0,5,0,12,0,0,31,0,37,696,0,0,5,0,14,49,0,0,0,10,0,0,0,23,1134,0,13,1040,0,73,0,0,0,0,0,1,0,114,7,50,39,6,6566,60,19,61,7375,0,502,1,0,0,0,64,0,2,32,0,1,1,3,10,0,99,4,3,2,0,0,7,1,1,0,0,2,0,0,1,265,5,0,0,1,3,176,16,6,0,0,1,6,10,11,30,15,7314,15,17,0,0,0,36,11,4,1,0,150,3,16,0,3,673,1,0,0,203,337,0,45,0,50,0,0,1,0,2,0,0,1,45,274,0,518,0,0,30,0,0,0,0,0,0,0,0,1,0,3,0,0,0,0,0,0,0,0,0,0,0,0,0,0,0,0,0,0,0,0,0,0,3097,0,0,0,0,0,0,0,0,0,0,6,0,0,0,0,0,1,0,0,0,0,0,0,0,0,19,0,0,0,0,0,0,0,0,0,0,0,0,3,0,0,0,0,194,6,0,0,366,0,6,0,0,0,0,0,0,0,0,0,0,0,0,0,0,0,0,0,0,0,0,0,0,0,0,0,0,0,0,0,3,0,0,0,0,0,0,0,0,0,0,0,0,1,0,0,0,50,0,0,0,0,0,1,0,0,0,0,0,0,0,0,0,17,0,0,0,0,2,0,1,0,1,0,0,0,0,0,0,0,0,0,3,0,21,0,0,0,0,0,0,0,0,0,0,0,0,0,21,0,0,4,0,0,0,1,0,0,0,0,0,0,0,0,1,0,8,0,0,0,0,57320,0,0,0,0,0,0,0,0,0,1,40,0,0,0,0,0,1,0,0,0,0,0,0,0,1,12,0,0,18,0,0,0,0,0,0,0,0,0,58,0,0,3,0,2134,0,0,2,622,0,76,0,0,0,0,1,0,0,1,0,0,0,0,10,0,24,0,0,0,0,0,1,0,0,0,0,0,0,0,1,0,0,0,0,0,0,0,2,1,0,0,0,0,1,0,0,0,118,3,3,0,0,0,0,0,1,0,0,78,0,0,0,0,30,1,0,0,0,3,0,13,0,31,0,0,0,0,0,0,0,0,7,18,0,7,0,0,16,0,0,47
"48",2020-03-09,4,2,20,1,0,0,12,1,91,131,9,95,3,0,6,239,0,1,0,3,25,1,4,0,2,2,77,0,0,0,8,80735,1,0,9,0,12,0,2,31,0,92,696,0,0,5,0,15,55,0,0,0,10,0,0,0,30,1217,0,15,1176,0,73,0,0,0,0,0,1,0,115,9,58,43,19,7161,60,21,61,9172,0,511,1,0,0,0,64,0,6,32,0,1,1,3,10,0,117,4,3,2,0,0,7,1,1,0,0,2,0,0,1,321,5,0,0,2,3,205,16,6,0,0,1,7,20,16,30,18,7478,15,17,0,0,0,36,15,4,1,0,150,3,16,0,3,1073,1,0,0,248,374,0,45,0,50,0,0,1,0,2,0,0,1,45,322,0,583,0,0,30,0,0,0,0,0,0,0,0,1,0,3,0,0,0,0,0,0,0,0,0,0,0,0,0,0,0,0,0,1,0,0,0,0,3120,0,0,0,0,0,0,0,0,0,0,6,0,0,0,0,0,1,0,0,0,0,0,0,0,0,19,0,0,2,0,0,0,0,0,0,0,0,0,3,0,0,0,0,237,6,0,0,463,0,10,0,0,0,0,0,0,0,0,0,0,0,0,0,0,0,0,0,0,0,0,0,0,0,0,0,0,0,0,0,3,0,0,0,0,0,0,0,0,0,0,0,0,1,0,0,0,53,0,0,0,0,0,1,0,0,0,0,0,0,0,0,0,28,0,0,0,0,2,0,1,0,1,0,0,0,0,0,0,0,0,0,4,0,22,0,0,0,0,0,0,0,0,0,0,0,0,0,21,2,0,14,0,0,1,1,0,0,0,0,0,0,0,0,1,0,8,0,0,0,0,58735,0,0,0,0,0,0,0,0,0,1,40,0,0,0,0,0,1,0,0,0,0,0,0,0,1,12,0,0,18,0,0,0,0,0,0,0,0,0,59,0,0,3,0,2394,3,0,2,724,0,76,0,0,0,0,1,0,0,1,0,0,0,0,10,0,24,0,0,0,0,0,1,0,0,0,0,0,0,0,1,0,0,0,0,0,0,1,2,1,0,0,0,0,1,0,0,0,118,3,3,0,0,0,0,0,1,0,0,78,0,0,0,0,32,1,0,0,1,3,0,15,0,31,0,0,0,0,0,0,0,0,7,18,0,7,0,0,16,0,0,48
"49",2020-03-10,5,10,20,1,0,0,17,1,107,182,11,110,3,0,9,267,0,1,0,5,31,1,4,1,2,2,79,0,0,0,13,80757,3,0,9,0,14,0,3,41,0,264,696,0,0,5,0,15,59,0,0,0,12,0,0,0,40,1792,0,15,1457,0,89,0,0,0,0,0,1,0,120,9,69,56,27,8042,71,34,83,10149,0,581,1,0,0,0,69,0,8,41,0,1,1,5,10,0,129,6,5,2,0,0,7,3,1,1,0,3,0,0,1,382,5,0,0,2,7,400,18,16,1,0,1,11,33,22,41,24,7513,25,20,0,0,0,51,20,4,5,0,160,7,31,0,7,1695,1,0,0,355,491,0,47,0,53,0,0,1,0,5,0,0,1,74,384,0,959,0,0,31,0,0,0,0,0,0,0,0,1,0,3,0,0,0,0,0,0,0,0,0,0,0,0,0,0,0,0,0,1,0,0,0,0,3136,0,0,0,0,0,0,0,0,0,0,6,0,0,0,0,0,1,0,0,0,0,0,0,0,0,33,0,0,2,0,0,0,0,0,0,0,0,0,3,0,0,0,0,291,7,0,0,631,0,10,0,0,0,0,0,0,0,1,0,0,0,0,0,0,0,0,0,0,0,0,0,0,0,0,0,1,0,0,0,4,0,0,0,0,0,0,0,0,0,0,0,0,1,0,0,0,54,0,0,0,0,0,2,0,0,0,0,0,0,0,0,0,35,0,0,0,0,3,0,1,0,1,0,0,0,0,0,0,0,0,0,6,0,28,0,0,0,0,0,0,0,0,0,0,0,0,0,21,4,0,22,0,0,3,1,0,0,0,0,0,0,0,0,1,0,8,0,0,0,0,60106,0,0,0,0,0,0,0,0,0,1,40,0,0,0,0,0,1,0,0,0,0,0,0,0,1,12,0,0,18,0,0,0,0,0,0,0,0,0,65,0,1,4,2,2731,3,0,4,724,0,101,0,0,0,0,1,0,1,1,0,0,0,0,10,0,24,0,0,0,0,0,4,0,0,0,0,0,0,0,1,0,0,0,0,0,0,1,9,1,0,0,0,0,2,0,0,0,247,3,3,0,0,0,0,1,1,0,0,78,0,0,0,0,32,1,0,0,1,3,0,17,0,33,0,0,0,0,0,0,0,0,12,19,0,8,0,0,16,0,0,49
"50",2020-03-11,7,12,20,1,0,0,19,1,128,246,11,195,3,0,9,314,0,1,2,7,38,11,7,2,3,2,108,0,0,0,23,80785,9,0,13,1,19,0,6,91,1,444,696,0,0,5,0,17,60,0,0,0,16,0,0,0,59,2290,0,24,1908,0,99,0,0,0,0,0,1,2,126,13,85,62,34,9000,71,43,109,12462,1,639,1,0,0,0,72,0,10,61,0,1,3,7,10,0,149,8,6,3,0,0,8,3,1,1,0,5,0,0,1,503,5,0,0,2,7,598,18,19,8,0,5,11,49,31,59,262,7755,45,20,0,0,0,62,21,4,12,0,178,10,57,0,13,2277,2,0,0,500,652,0,48,0,59,0,0,1,0,7,1,0,1,74,459,0,1281,0,0,38,0,0,0,1,0,0,0,0,1,0,3,0,0,0,0,0,0,3,0,0,0,0,0,0,1,0,0,0,1,0,0,0,0,3158,0,0,0,0,0,0,0,0,0,0,7,0,0,0,0,0,1,0,0,0,0,0,0,0,0,48,0,0,3,0,1,0,0,0,0,0,0,0,3,0,0,1,1,354,7,1,0,827,0,15,0,0,0,0,0,0,0,3,0,0,0,0,0,0,0,0,0,0,0,0,0,0,0,0,0,1,0,0,0,5,0,0,0,0,0,0,0,0,1,0,0,0,1,0,0,0,60,0,0,0,0,0,2,0,0,0,0,0,0,0,0,0,54,0,0,0,1,4,0,1,0,1,0,0,0,0,0,0,0,0,0,8,0,36,0,0,0,0,0,0,0,0,0,0,0,0,0,21,4,3,35,0,0,3,1,0,0,0,0,0,0,0,0,1,0,8,0,0,0,0,61569,0,0,0,0,0,0,0,0,0,1,325,0,0,0,0,0,27,0,0,0,0,0,0,0,1,12,0,0,25,0,0,0,0,0,0,0,0,0,65,0,1,4,2,2959,15,0,4,1045,0,118,0,0,0,0,2,0,1,1,0,0,0,0,10,0,26,0,0,0,0,0,4,0,0,0,0,0,0,0,1,0,0,0,0,0,0,1,9,2,0,0,0,0,2,0,0,0,288,6,3,0,0,0,0,1,1,0,0,96,0,0,0,0,183,1,0,0,1,4,0,17,0,34,0,0,0,0,0,0,0,0,17,19,0,8,0,0,16,0,0,50
"51",2020-03-12,7,23,24,1,0,0,19,4,128,302,11,195,3,0,12,314,0,1,2,11,52,11,7,2,3,2,117,0,0,0,23,80793,9,0,22,1,19,3,6,94,1,617,696,0,0,5,0,17,67,0,0,0,16,0,0,0,59,2290,0,24,2078,0,99,0,0,0,1,0,1,2,129,13,103,73,34,10075,71,43,131,12462,2,639,1,0,0,0,80,0,10,61,0,1,3,19,10,0,149,8,6,3,0,0,12,3,2,1,0,6,0,0,1,503,5,0,0,2,7,702,18,20,11,0,5,15,52,49,59,262,7869,49,28,0,0,0,69,45,4,19,0,178,16,89,0,17,2277,2,0,0,599,652,0,49,0,70,0,0,1,0,7,1,0,1,85,459,0,1663,0,0,39,0,0,0,1,1,0,0,0,1,0,3,1,0,0,0,0,0,3,0,0,0,0,0,0,1,0,0,0,1,0,0,0,0,3169,0,0,0,0,0,0,0,0,0,0,7,0,0,0,0,0,1,0,0,0,0,0,0,0,0,48,0,0,3,0,1,0,0,0,1,0,0,0,3,0,0,1,1,429,8,1,0,827,0,16,0,0,0,0,0,0,0,3,0,0,0,0,0,0,0,0,0,0,0,0,0,0,0,0,0,1,0,0,0,5,0,0,0,0,0,0,0,0,1,0,0,0,2,1,0,0,66,0,0,0,0,0,3,0,0,0,0,0,0,0,0,0,55,0,0,0,1,4,0,1,0,1,0,0,0,0,0,0,0,0,0,8,0,40,0,0,0,0,0,0,0,8,1,0,0,0,0,21,4,3,35,0,0,3,1,0,0,0,0,0,0,0,0,1,0,8,0,0,0,0,62824,0,0,0,0,0,0,0,0,0,1,325,0,0,0,0,0,27,0,0,0,0,0,0,0,1,12,0,0,25,0,0,0,0,0,0,0,0,0,67,0,1,4,2,2959,15,0,4,1045,0,118,0,0,0,0,5,0,1,1,0,0,0,0,10,0,26,0,0,0,0,0,4,0,0,0,0,0,0,0,1,0,0,0,0,0,0,1,9,2,0,0,0,0,2,0,0,0,333,6,3,0,0,0,0,1,1,0,0,96,0,0,0,0,183,1,0,0,1,4,0,20,0,34,0,0,0,0,0,0,0,0,17,19,0,12,0,0,16,0,0,51
"52",2020-03-13,7,33,26,1,0,1,31,8,200,504,15,189,3,0,27,559,0,1,3,13,151,37,23,2,5,2,193,0,0,0,43,80801,13,0,23,1,32,4,14,141,2,804,696,0,0,5,0,17,80,0,0,0,79,0,1,0,155,3678,0,25,3675,0,190,0,0,1,1,0,1,2,134,19,134,82,69,11364,101,90,161,17660,8,701,1,4,1,0,80,0,17,77,0,1,6,34,10,0,197,9,12,3,0,0,12,6,2,1,0,7,0,0,1,806,5,0,0,2,14,996,19,28,27,0,6,28,64,68,112,320,7979,89,45,0,0,0,80,86,10,35,0,200,32,141,0,24,5232,6,1,0,814,1139,0,50,0,75,0,0,1,0,16,5,0,3,85,802,0,2179,0,0,47,0,0,0,1,2,0,0,0,2,0,3,1,1,0,0,0,0,3,0,0,0,0,0,0,1,0,0,0,1,0,0,0,0,3176,0,0,0,0,0,0,0,0,0,0,7,0,0,0,0,0,2,0,0,0,0,0,0,0,0,79,0,0,7,0,1,0,0,0,1,0,0,0,4,0,0,2,4,514,9,1,0,1266,0,19,0,0,0,0,0,0,0,3,0,0,0,0,0,0,0,0,0,0,0,0,0,0,0,0,0,1,0,0,0,10,0,0,0,0,0,0,0,0,1,0,0,0,5,2,0,0,66,0,0,0,0,0,5,0,0,0,0,0,0,0,0,0,133,0,1,0,1,11,0,1,0,1,0,0,0,0,0,0,0,1,0,8,0,47,0,0,0,0,0,0,0,8,0,0,0,0,0,23,6,3,44,0,0,3,1,0,0,0,0,0,0,0,0,1,0,8,0,0,0,0,64109,0,0,0,0,1,0,0,0,0,1,325,0,0,0,0,0,27,0,0,0,0,0,0,0,1,12,0,0,46,0,0,0,0,0,0,0,0,0,77,0,1,4,2,2959,24,0,4,1439,0,118,1,0,0,0,5,0,1,1,0,0,0,0,10,0,26,0,1,0,0,0,4,0,0,0,0,1,0,0,1,0,0,0,0,0,1,1,9,2,0,0,0,0,2,0,1,0,510,7,3,0,0,0,0,1,1,0,0,97,0,0,0,0,193,1,0,0,1,4,0,20,0,35,0,0,0,0,0,0,0,0,17,19,0,12,0,0,16,0,0,52
"53",2020-03-14,11,38,37,1,0,1,34,18,250,655,15,210,3,0,27,689,0,1,10,18,151,40,41,2,7,2,198,0,0,0,61,80827,22,0,26,1,38,4,26,189,2,836,696,0,0,11,0,28,109,0,0,0,115,1,1,0,225,4487,1,30,4585,3,228,0,1,1,1,0,1,2,140,30,156,102,96,12729,110,129,193,21157,8,773,1,6,1,0,104,0,26,93,0,4,8,51,10,0,238,10,18,9,1,0,26,12,2,1,0,17,0,2,1,962,6,0,0,2,14,1090,19,31,36,0,6,38,111,103,169,337,8086,123,59,1,1,1,80,103,10,46,2,212,44,181,0,38,6391,10,1,1,961,1359,0,53,0,82,0,0,1,2,18,5,0,3,85,1144,4,2727,0,2,53,0,0,0,1,3,0,0,0,2,0,3,1,1,0,0,0,0,4,0,0,0,0,0,0,2,0,0,0,1,0,0,0,0,3189,0,0,0,0,0,0,0,0,0,1,7,0,0,0,0,2,2,0,0,0,0,0,0,0,0,91,0,0,9,0,3,0,0,0,1,0,0,0,4,0,0,2,5,611,10,2,0,1441,0,22,0,0,0,0,0,0,0,3,0,0,0,1,0,0,0,0,0,0,0,0,0,0,0,0,0,1,0,0,0,12,0,0,0,0,0,3,0,0,1,0,0,0,8,3,0,0,72,0,0,0,0,0,5,0,0,0,0,0,0,1,0,0,195,0,1,0,2,13,0,1,0,1,0,0,0,0,0,0,0,1,0,21,0,54,0,0,0,0,0,0,0,12,1,0,0,1,0,23,6,3,44,0,0,3,1,0,0,0,0,0,0,0,0,1,0,8,0,0,0,0,65572,0,0,0,0,1,0,0,0,0,1,325,0,0,0,0,0,27,0,0,0,0,0,0,0,1,12,0,0,46,0,8,0,0,0,0,0,0,0,78,1,1,4,8,2959,26,0,4,1966,0,118,1,0,0,0,5,0,1,1,0,0,0,0,10,0,35,0,1,0,0,0,4,0,0,0,0,1,0,0,1,2,0,0,0,0,1,1,9,2,0,0,0,0,2,0,2,4,510,9,8,0,0,0,4,1,1,0,0,105,0,0,0,0,517,1,0,0,1,4,0,20,0,35,0,0,0,0,0,0,0,0,17,19,0,12,0,0,16,0,0,53
"54",2020-03-15,16,42,48,1,0,1,45,26,297,860,23,214,5,0,27,886,0,1,10,24,162,50,51,3,7,2,252,0,1,0,74,80848,34,1,27,1,49,4,26,253,2,875,696,0,0,11,0,28,110,0,1,0,171,1,1,0,244,4523,1,33,5795,6,331,0,1,1,4,0,1,3,145,32,171,113,117,13938,116,129,251,24747,10,839,8,9,3,2,112,0,30,110,0,4,12,59,10,0,428,13,21,9,1,0,41,23,2,1,0,28,0,2,1,1138,8,0,0,2,14,1221,22,53,43,0,6,43,140,119,245,401,8162,131,63,1,2,1,101,103,24,48,2,226,54,219,0,51,7798,18,1,1,1022,2200,0,59,0,114,0,0,1,2,18,6,0,3,98,1145,4,3499,1,10,56,0,0,0,1,4,0,0,0,2,0,3,1,1,0,0,0,0,4,0,0,0,0,0,0,2,0,0,0,1,0,0,0,0,3199,0,0,0,0,0,0,0,0,0,2,7,0,0,0,0,2,2,0,0,0,0,0,0,0,0,91,0,0,11,0,4,0,0,0,1,0,0,0,4,1,5,2,5,724,10,2,0,1809,0,22,0,0,0,0,0,0,0,3,0,0,0,1,0,0,0,0,0,0,0,0,0,0,0,0,0,1,0,0,0,20,0,0,0,0,0,3,0,0,1,0,0,0,11,3,0,0,75,0,0,0,0,0,5,0,0,0,0,0,0,1,0,0,289,0,1,0,3,14,0,1,0,1,0,0,0,0,0,0,0,1,0,21,0,63,0,0,0,0,0,0,0,12,1,0,0,1,0,23,6,6,60,0,0,3,1,0,0,0,0,0,0,0,0,1,0,8,0,0,0,0,66926,0,0,0,0,1,0,0,0,0,1,325,0,0,0,0,0,21,0,0,0,1,0,0,0,10,12,0,0,46,0,8,0,0,0,0,0,0,0,81,1,8,13,8,4590,26,0,4,2335,0,118,1,0,0,0,5,0,1,1,0,0,1,0,10,0,42,0,1,0,0,0,4,0,0,0,0,1,0,0,1,2,0,0,0,0,1,1,9,2,0,0,0,0,2,0,2,4,510,9,8,0,0,0,4,1,1,0,0,105,0,0,0,0,517,1,0,0,1,4,0,20,0,35,0,0,0,0,0,0,0,0,23,19,0,12,0,0,16,0,0,54
"55",2020-03-16,21,51,54,2,0,1,56,52,377,1018,15,214,8,0,36,1058,1,1,11,25,200,54,52,15,7,4,415,0,1,0,155,80867,54,1,35,1,57,4,33,298,2,933,696,0,0,11,0,37,150,0,1,0,205,1,5,0,277,6668,1,33,7272,6,331,0,2,1,4,0,1,6,155,39,180,119,134,14991,124,169,255,27980,10,825,17,10,3,2,123,0,34,99,1,4,17,77,11,0,566,13,30,15,1,0,53,23,7,1,0,29,0,2,1,1416,8,0,0,2,18,1333,22,136,55,0,8,86,142,177,331,439,8236,158,90,5,2,1,109,118,24,55,3,243,63,253,1,62,9942,28,1,1,1103,2200,0,67,1,147,1,0,1,4,20,18,0,7,98,1551,8,4632,6,17,61,0,0,0,1,4,0,0,0,2,0,3,3,1,1,0,0,0,5,0,0,0,0,0,0,2,0,0,0,4,0,0,0,0,3213,0,0,0,0,0,0,0,0,0,3,7,0,0,0,0,2,2,0,0,0,0,0,0,0,0,148,0,0,17,0,4,0,1,0,1,0,0,0,4,1,0,2,5,853,10,2,0,2158,0,27,0,0,0,0,0,0,0,3,0,0,0,1,0,0,0,0,0,1,0,0,0,0,0,0,0,1,0,0,0,24,0,0,0,0,0,3,0,0,1,0,0,0,12,4,0,0,75,0,0,0,0,0,7,0,0,0,0,0,0,1,0,0,342,0,1,0,6,14,0,1,0,1,0,0,0,0,0,0,0,1,0,56,0,85,0,0,0,0,0,1,0,12,1,0,0,1,0,23,6,6,77,2,0,3,1,0,0,0,0,1,0,0,0,1,0,9,0,0,0,0,67816,0,0,0,0,2,0,0,3,0,1,325,0,0,0,0,0,27,0,0,0,1,0,0,0,10,12,0,1,67,0,8,0,0,0,0,0,0,0,84,1,0,13,8,4590,26,0,4,2749,2,144,1,0,0,0,9,0,1,1,0,0,1,0,10,0,42,0,2,0,0,0,4,0,0,0,0,1,0,0,1,2,0,0,0,0,1,1,9,2,0,0,0,0,2,13,3,4,1137,9,8,0,0,0,4,2,2,1,0,109,0,0,0,0,530,1,0,0,1,4,0,20,0,35,0,0,0,0,0,0,0,0,23,21,0,17,0,0,16,0,0,55
"56",2020-03-17,22,55,60,39,0,1,68,78,452,1332,28,228,10,2,36,1243,1,1,11,26,321,56,67,15,33,10,478,0,1,0,201,80884,65,1,41,5,65,5,46,396,3,1025,696,0,0,21,0,58,196,0,1,0,225,1,5,0,321,7699,1,34,9257,7,387,0,6,1,7,0,1,8,162,50,220,142,172,16169,154,223,337,31506,12,878,34,33,3,2,130,0,49,120,1,7,25,140,12,0,673,13,38,16,1,0,82,30,7,5,2,38,0,2,1,1711,12,0,0,3,26,1463,24,236,69,0,9,117,187,238,448,439,8320,184,114,7,2,1,109,171,26,65,4,266,72,275,1,62,11748,44,1,1,1190,2700,0,77,1,177,1,1,1,5,24,47,0,14,98,1960,29,6421,10,33,66,0,0,0,1,4,0,0,0,2,0,5,3,1,1,0,0,0,10,0,0,0,0,1,0,2,0,0,0,5,0,0,0,0,3226,0,0,0,0,0,0,0,0,0,4,7,0,0,1,0,2,4,0,0,0,0,0,0,0,0,148,0,0,24,0,5,0,1,0,1,0,0,0,4,1,1,3,5,988,11,2,0,2503,0,29,0,0,0,0,0,0,0,3,0,0,0,1,0,0,2,0,0,1,0,0,0,0,0,0,0,2,0,0,0,43,0,0,0,0,0,3,0,0,1,0,0,0,12,5,1,0,81,0,0,0,0,0,7,0,0,0,0,0,0,1,0,0,533,0,1,0,7,27,0,1,0,1,0,0,0,0,0,1,0,2,0,56,0,108,0,0,0,0,0,1,0,12,1,0,0,3,1,23,1,6,81,3,0,3,1,0,0,0,2,2,0,0,0,1,0,9,0,0,0,0,68700,1,0,0,1,4,0,0,3,0,1,325,0,0,0,0,0,32,0,0,0,1,0,0,0,10,12,0,1,67,0,8,0,0,0,0,0,0,0,88,2,0,14,8,5389,32,5,11,2941,2,144,1,0,0,0,9,0,1,3,0,0,1,0,10,0,49,0,2,0,0,0,4,1,0,0,0,1,0,0,1,2,0,0,0,0,1,1,9,2,0,0,0,1,5,13,3,4,1407,16,8,0,0,0,4,6,2,1,0,114,0,0,0,0,1028,1,0,0,1,4,0,22,0,41,0,0,0,0,0,0,0,0,23,53,0,17,0,0,16,0,0,56
"57",2020-03-18,22,59,74,39,0,1,79,84,568,1646,28,256,14,2,51,1486,2,1,12,38,372,68,92,20,35,10,657,0,1,0,238,80906,93,1,50,6,81,7,49,464,4,1116,712,1,0,21,0,111,196,0,4,0,258,1,6,0,336,9105,1,38,12327,7,418,0,6,1,7,0,1,9,181,58,250,156,227,17361,164,292,433,35713,13,889,52,35,3,2,142,3,71,133,2,28,27,203,15,0,790,13,38,19,1,3,93,30,7,6,1,49,0,2,1,2058,20,0,0,8,35,1550,39,299,86,0,11,145,202,251,448,452,8413,260,147,8,2,1,119,171,31,83,4,313,105,275,1,116,13910,51,2,1,1279,3028,0,100,3,212,1,1,1,7,29,98,0,14,113,2642,50,7783,15,36,75,2,0,0,2,7,0,0,0,2,0,6,4,1,1,1,0,0,14,0,0,0,0,3,0,2,1,0,0,8,0,0,0,0,3237,0,0,0,0,0,1,0,0,0,4,7,0,0,1,0,2,6,0,0,0,0,0,0,0,0,148,0,0,28,0,5,0,1,0,1,0,0,0,4,1,1,3,19,1135,12,2,0,2978,0,29,0,0,0,0,0,0,0,3,0,0,0,2,0,0,2,0,0,1,0,0,0,1,0,0,0,2,0,0,0,58,0,0,0,0,0,6,0,0,1,0,0,0,19,5,2,0,84,0,0,0,0,0,11,0,0,0,0,0,1,1,0,0,623,0,1,0,10,28,0,1,0,1,0,0,0,0,0,1,0,2,0,72,0,118,0,0,0,0,0,1,0,12,1,0,0,3,1,23,9,6,88,3,0,5,31,0,0,0,2,2,0,0,0,1,0,9,0,0,0,0,69653,1,0,0,1,4,0,0,3,0,1,325,0,0,0,0,0,32,0,0,0,1,0,0,0,10,12,0,1,105,0,8,0,0,0,0,0,0,0,92,2,5,14,11,5389,43,5,11,4025,2,144,1,0,0,0,15,0,1,3,0,0,1,0,10,0,60,0,2,0,0,0,4,1,0,0,0,1,0,0,1,2,0,0,0,1,1,1,12,2,0,0,0,1,5,13,3,4,1540,19,8,0,0,0,4,6,2,1,0,114,0,0,0,0,1081,1,0,0,1,15,0,22,0,42,0,0,0,0,0,0,0,0,26,67,0,0,0,0,16,0,0,57
"58",2020-03-19,22,64,87,53,0,1,97,115,681,2013,44,278,17,5,51,1795,2,1,12,63,621,75,94,33,37,13,800,0,1,1,238,80931,102,3,69,9,105,11,67,694,14,1225,712,1,0,34,0,199,256,1,6,0,267,1,6,1,400,10947,1,40,15320,11,418,0,9,1,7,0,1,12,208,73,330,194,311,18407,192,557,677,41035,15,924,69,44,7,2,148,3,86,157,2,28,36,335,17,0,900,13,53,23,2,3,118,49,7,6,3,63,0,3,1,2467,28,1,0,8,48,1746,48,454,109,0,11,234,217,355,785,460,8565,277,199,8,2,1,119,274,31,103,6,345,123,286,1,150,17963,60,2,1,1439,4075,0,108,6,272,3,1,1,9,39,192,0,16,140,2716,79,13677,23,42,85,2,0,0,2,9,0,0,0,3,0,6,6,1,1,1,0,0,21,0,0,0,0,6,0,3,1,0,0,9,0,0,0,0,3245,0,0,1,0,1,1,0,0,0,6,7,0,0,2,0,3,6,0,0,0,0,0,0,0,0,243,0,0,44,0,6,0,1,0,1,0,0,0,4,1,1,4,25,1284,13,3,0,3405,1,29,0,0,0,0,0,0,0,4,0,0,0,4,0,0,2,0,0,1,0,0,1,1,0,0,0,2,0,0,0,77,0,0,0,0,0,7,0,2,1,0,0,0,17,5,3,0,91,0,1,0,0,0,11,0,0,0,0,0,1,1,0,0,830,0,1,0,11,41,0,1,0,1,0,0,0,0,1,3,0,2,0,138,0,200,0,0,0,0,0,1,0,32,1,0,0,3,1,26,9,6,100,3,0,5,31,0,0,0,2,2,0,0,0,1,0,9,0,0,0,0,70430,1,0,0,1,5,0,0,3,0,1,325,0,0,0,0,0,32,0,0,0,1,0,0,0,10,12,0,1,113,0,8,0,0,0,0,0,0,0,95,2,5,15,11,5710,43,5,11,4440,2,150,1,0,0,0,18,0,1,4,0,0,1,0,10,0,75,0,2,0,0,0,4,1,0,0,0,1,0,0,1,2,0,0,0,1,1,1,12,13,0,0,0,1,8,1,3,4,1540,25,9,0,0,0,4,6,2,1,0,114,0,0,0,0,1107,3,0,0,16,15,0,26,0,42,0,0,0,0,0,0,0,0,31,67,0,0,0,0,16,0,0,58
"59",2020-03-20,24,70,90,75,1,1,128,136,791,2388,44,285,20,5,69,2257,2,2,15,89,793,78,127,40,51,20,943,1,3,1,434,80977,128,3,89,9,128,16,67,833,18,1337,712,1,0,72,0,367,285,1,6,0,283,1,9,1,450,12726,3,43,19848,16,495,0,12,1,7,2,1,24,256,85,409,244,369,19644,208,683,705,47021,16,963,85,49,7,2,159,6,111,163,2,28,49,484,17,3,1030,13,64,32,2,12,164,66,11,6,14,77,0,3,1,3003,39,1,1,12,67,1914,48,501,137,1,13,234,230,425,1020,470,8652,308,253,17,2,1,144,344,38,135,7,385,137,341,1,202,20410,73,2,4,1639,5294,0,135,6,322,3,1,9,9,54,359,0,29,140,4014,94,19100,33,42,91,2,1,0,2,11,0,0,0,3,0,7,6,1,1,1,0,0,37,0,0,0,0,11,0,3,1,0,0,12,0,0,0,0,3249,0,0,1,0,1,1,0,0,0,9,7,0,0,2,0,5,8,0,0,0,0,0,0,0,0,450,1,0,67,0,6,0,1,0,1,0,0,0,4,3,0,5,32,1433,17,3,0,4032,1,33,0,3,0,0,0,0,0,4,0,0,0,4,0,0,3,0,0,1,0,0,1,1,0,0,0,3,0,0,0,107,0,0,0,0,0,7,0,3,1,0,0,3,18,5,6,0,94,0,1,0,0,0,14,0,0,1,0,0,1,1,0,0,1043,0,1,0,16,54,0,2,0,1,0,0,0,0,1,4,0,3,2,178,0,244,0,0,0,0,0,1,0,32,1,0,0,3,1,26,9,6,100,3,0,5,1,0,0,0,2,2,1,0,0,1,0,9,0,0,0,6,71158,1,0,0,1,5,0,0,4,0,1,325,0,0,0,0,0,39,0,0,0,1,0,0,0,10,12,0,1,180,0,19,0,0,0,0,0,0,0,98,2,5,20,15,6745,49,5,14,4440,2,191,1,0,0,0,18,0,1,4,0,0,1,0,10,0,87,0,2,0,0,0,4,1,0,0,0,1,0,0,1,2,0,0,0,1,1,1,12,13,0,0,0,1,8,1,5,10,1540,25,9,0,0,0,4,8,2,1,0,124,0,0,0,0,1588,3,0,0,16,15,0,26,0,42,0,0,1,0,0,0,0,0,31,67,0,0,0,0,16,0,0,59
"60",2020-03-21,24,76,139,88,2,1,158,160,1071,2814,53,305,25,6,76,2815,2,2,19,93,1021,83,163,64,53,27,1278,4,3,1,537,81014,196,3,117,14,206,21,84,995,23,1420,712,1,0,112,1,506,294,3,6,1,306,1,9,1,523,14431,4,49,22213,19,530,0,17,2,7,2,1,24,273,103,473,330,450,20610,214,785,883,53578,16,1007,85,53,7,2,176,14,124,187,3,37,83,670,18,3,1183,13,73,32,2,14,203,80,11,10,14,96,0,3,1,3640,52,2,1,22,85,2118,52,730,200,1,18,318,307,536,1280,481,8799,367,306,17,2,1,144,392,47,171,7,432,178,383,1,240,25374,77,2,4,1763,6575,0,153,6,411,4,1,16,49,60,670,1,47,153,5067,110,25489,43,70,94,2,3,0,2,15,0,0,0,4,0,7,8,1,1,2,0,0,67,0,0,0,1,15,0,3,2,0,0,19,0,0,0,0,3255,0,0,2,0,1,1,0,0,1,13,8,0,0,2,0,7,10,0,0,0,0,0,0,0,1,562,1,0,84,1,13,0,1,0,1,0,0,0,4,4,1,4,38,1556,17,3,1,4825,1,35,0,0,0,0,0,0,0,4,0,0,1,8,0,0,4,0,0,1,0,1,2,1,0,0,0,3,0,0,0,137,0,0,0,0,0,7,0,3,1,0,1,5,19,5,12,0,102,0,1,0,0,0,20,0,0,1,0,2,1,1,0,0,1375,0,1,0,20,75,0,2,0,1,0,0,0,0,1,9,0,3,2,234,0,307,0,0,0,0,0,1,2,32,1,0,0,3,1,26,9,11,125,3,0,15,263,0,0,0,2,2,2,3,5,1,0,10,0,0,0,6,71749,1,0,2,1,5,0,0,6,0,1,325,0,0,0,0,3,41,0,0,0,1,0,0,0,10,12,0,1,233,0,19,0,0,0,0,0,0,0,98,7,22,23,15,7635,51,5,36,6072,2,232,1,0,0,0,27,0,1,4,0,0,1,0,10,0,114,0,2,0,0,0,4,1,0,0,0,3,0,0,1,2,0,0,0,1,1,1,12,13,0,0,0,1,13,1,5,27,1540,52,12,0,0,0,4,16,5,1,0,140,0,0,0,0,2125,1,0,0,16,15,0,28,0,42,0,0,1,1,0,0,0,1,38,67,0,0,0,0,17,0,0,60
"61",2020-03-22,40,89,201,113,2,1,225,194,1314,3244,65,332,27,14,76,3401,2,2,24,126,1593,88,187,75,84,40,1465,4,3,1,632,81060,231,3,134,14,254,35,95,1120,30,1514,712,1,1,202,1,789,327,3,6,1,326,4,11,2,626,16176,5,54,24873,24,624,1,19,2,7,2,1,26,317,131,568,396,514,21638,233,906,1071,59138,16,1086,112,60,15,2,188,14,139,248,3,37,131,798,20,3,1306,13,90,37,2,18,251,94,23,10,21,115,1,3,2,4216,66,2,2,30,114,2383,55,776,245,1,22,363,380,634,1600,494,8897,433,367,19,2,1,160,511,67,222,7,455,185,414,1,274,28768,82,2,5,1934,7245,1,169,12,599,4,1,16,50,75,1236,1,73,153,5741,135,33272,43,70,113,3,3,1,2,17,1,0,0,4,0,7,16,1,2,2,0,0,75,0,0,0,1,25,0,3,4,0,0,21,0,0,0,1,3261,2,0,2,0,1,1,1,1,1,13,8,0,0,3,0,14,14,0,0,0,0,0,0,0,1,674,1,0,94,1,15,0,1,0,1,0,0,0,4,6,1,7,48,1685,20,4,1,5476,1,40,0,0,0,0,0,0,0,4,0,0,1,8,0,0,10,0,0,1,0,1,2,1,0,0,0,4,0,0,0,180,0,0,0,0,1,7,0,5,3,0,1,5,25,7,14,0,104,3,0,0,0,0,20,0,0,2,0,2,1,2,0,0,1772,0,1,0,21,98,0,2,0,1,0,0,0,0,3,30,0,3,2,282,0,417,0,0,0,0,0,1,2,65,1,0,0,3,2,88,9,10,149,3,0,15,263,0,0,0,2,2,2,3,5,1,0,10,0,0,0,8,72252,3,0,2,1,5,0,3,6,0,1,325,0,0,0,0,3,56,0,0,0,2,0,4,0,10,2206,0,3,266,0,19,0,0,0,0,0,0,0,100,16,36,27,29,7931,57,5,37,7024,2,235,1,0,0,0,27,0,1,8,0,0,1,6,10,0,139,0,2,0,0,0,4,1,1,0,0,3,0,0,1,2,0,0,0,2,1,1,17,5,0,0,0,1,17,1,5,33,2909,64,16,0,0,0,4,16,5,1,0,144,7,0,0,0,2575,3,0,0,16,131,0,28,0,44,0,0,1,1,1,0,0,1,38,67,0,0,0,15,17,0,0,61
